two_theta_deg,experimental,fitted
0.59999999999999998,26366900,29063200
0.60499999999999998,26577800,29063185.313876964
0.60999999999999999,26666300,29063154.110673126
0.61499999999999999,26847300,29063105.889293004
0.62,26986700,29063040.566633508
0.625,27162700,29062958.181419846
0.63,27242800,29062858.715055417
0.63500000000000001,27451300,29062741.969835334
0.64000000000000001,27578000,29062607.486785486
0.64500000000000002,27701300,29062454.509494904
0.65000000000000002,27797600,29062281.97323871
0.65500000000000003,27963700,29062088.515543211
0.66000000000000003,28057200,29061872.487796787
0.66500000000000004,28191100,29061631.964062531
0.67000000000000004,28274900,29061364.736682463
0.67500000000000004,28431600,29061068.299320769
0.68000000000000005,28491900,29060739.81504235
0.68500000000000005,28630200,29060376.071365077
0.68999999999999995,28636900,29059973.421906814
0.69499999999999995,28796400,29059527.714773379
0.69999999999999996,28839000,29059034.206146177
0.70499999999999996,28919000,29058487.456884593
0.70999999999999996,28918800,29057881.208769348
0.71499999999999997,29026800,29057208.236035656
0.71999999999999997,29018300,29056460.166599315
0.72499999999999998,29056600,29055627.265909474
0.72999999999999998,29001700,29054698.17447478
0.73499999999999999,29063200,29053659.587675717
0.73999999999999999,29051600,29052495.863292836
0.745,28991300,29051188.537988234
0.75,28889300,29049715.728412896
0.755,28885800,29048051.385167222
0.76000000000000001,28726200,29046164.357795756
0.76500000000000001,28635800,29044017.215318516
0.77000000000000002,28458100,29041564.747996524
0.77500000000000002,28321700,29038752.049912512
0.78000000000000003,28110000,29035512.045278817
0.78500000000000003,27895300,29031762.269309517
0.79000000000000004,27557100,29027400.639648791
0.79500000000000004,27318300,29022299.845457934
0.80000000000000004,26938300,29016299.820931371
0.80500000000000005,26543500,29009197.531378705
0.81000000000000005,26072900,29000732.94208657
0.81499999999999995,25641800,28990569.50264322
0.81999999999999995,25056300,28978266.680744193
0.82499999999999996,24487700,28963240.929173034
0.82999999999999996,23757400,28944709.917010244
0.83499999999999996,23090800,28921613.011337958
0.83999999999999997,22269600,28892499.353278339
0.84499999999999997,21426500,28855374.633585773
0.84999999999999998,20469600,28807501.030821387
0.85499999999999998,19586800,28745154.892122459
0.85999999999999999,18534900,28663366.967499975
0.86499999999999999,17522500,28555701.935520012
0.87,16424800,28414174.658200134
0.875,15402200,28229439.156687293
0.88,14323500,27991404.025784761
0.88500000000000001,13345300,27690399.558668736
0.89000000000000001,12357600,27318928.630509585
0.89500000000000002,11552100,26873869.866710145
0.90000000000000002,10800600,26358798.151341408
0.90500000000000003,10202100,25785898.374032367
0.91000000000000003,9729220,25176859.048083007
0.91500000000000004,9454220,24562207.78409753
0.92000000000000004,9318470,23978825.322602451
0.92500000000000004,9400990,23465801.770717923
0.93000000000000005,9616850,23059267.998231255
0.93500000000000005,10032900,22787196.071625881
0.93999999999999995,10606000,22665272.531239178
0.94499999999999995,11284900,22694757.930607341
0.94999999999999996,12094200,22862778.890191536
0.95499999999999996,13011600,23144919.131052654
0.95999999999999996,13950400,23509435.781325717
0.96499999999999997,14948100,23922118.828462705
0.96999999999999997,15954400,24350776.566772468
0.97499999999999998,16979600,24768575.622083411
0.97999999999999998,17968900,25155851.681374636
0.98499999999999999,18894400,25500422.928102009
0.98999999999999999,19764900,25796742.94566863
0.995,20625200,26044379.814973135
1,21383900,26246295.624170963
1.0049999999999999,22046600,26407283.587291561
1.01,22657800,26532759.840002995
1.0149999999999999,23239000,26627962.325198647
1.02,23677300,26697510.092465479
1.0249999999999999,24112300,26745229.415812463
1.03,24384600,26774147.387581166
1.0349999999999999,24678300,26786571.548498761
1.04,24853200,26784200.066264346
1.0449999999999999,24961300,26768230.726314843
1.05,24977100,26739454.262723073
1.0549999999999999,25040200,26698327.972064599
1.0600000000000001,24925400,26645030.737814162
1.0649999999999999,24820200,26579502.51897547
1.0700000000000001,24594900,26501471.611998487
1.075,24385300,26410472.581109047
1.0800000000000001,24063200,26305857.191391185
1.085,23723700,26186800.192883726
1.0900000000000001,23241600,26052301.460374556
1.095,22839200,25901185.796889052
1.1000000000000001,22272800,25732101.644417785
1.105,21720700,25543519.996838365
1.1100000000000001,21032900,25333734.963244576
1.115,20396100,25100867.671754774
1.1200000000000001,19629500,24842875.517810568
1.125,18895100,24557569.121955566
1.1299999999999999,18019600,24242639.73063837
1.135,17188300,23895700.109944064
1.1399999999999999,16282000,23514342.161571294
1.145,15368100,23096214.421501607
1.1499999999999999,14377100,22639122.15073793
1.155,13442900,22141151.750146262
1.1599999999999999,12406900,21600819.596775528
1.165,11442700,21017243.023656033
1.1699999999999999,10430400,20390328.056857489
1.175,9450350,19720964.827567358
1.1799999999999999,8467630,19011217.612078082
1.1850000000000001,7551910,18264492.724302899
1.1899999999999999,6603440,17485664.65884091
1.1950000000000001,5771490,16681139.705280058
1.2,4943740,15858837.428959256
1.2050000000000001,4199920,15028074.434249429
1.21,3507420,14199341.81216302
1.2150000000000001,2911250,13383977.238421828
1.22,2363990,12593743.894380555
1.2250000000000001,1928300,11840339.816351928
1.23,1550210,11134871.242414817
1.2350000000000001,1277390,10487330.338120494
1.24,1077650,9906120.0141832083
1.2450000000000001,968571,9397665.7222734839
1.25,936192,8966146.2863133363
1.2549999999999999,982299,8613364.0011695642
1.26,1099270,8338760.0921388883
1.2649999999999999,1276280,8139567.2233658265
1.27,1508820,8011078.0908721741
1.2749999999999999,1796170,7946999.8592538852
1.28,2131190,7939859.2603694918
1.2849999999999999,2489790,7981422.7542590173
1.29,2879840,8063099.7261915263
1.2949999999999999,3290230,8176303.2003490534
1.3,3713090,8312750.6674232818
1.3049999999999999,4140200,8464696.0330981743
1.3100000000000001,4561690,8625091.302667072
1.3149999999999999,4991090,8787682.6829205081
1.3200000000000001,5399050,8947049.9546366557
1.325,5794540,9098600.2433550265
1.3300000000000001,6159710,9238527.9432108402
1.335,6518920,9363751.9233688004
1.3400000000000001,6848140,9471839.7062677313
1.345,7136710,9560926.45404597
1.3500000000000001,7389900,9629634.6560738776
1.355,7645660,9676998.6004352309
1.3600000000000001,7831560,9702396.1656959243
1.365,7994360,9705489.2398545016
1.3700000000000001,8119470,9686173.159686422
1.375,8240240,9644534.9310220703
1.3799999999999999,8293040,9580819.5881152246
1.385,8337940,9495403.8239626065
1.3899999999999999,8323460,9388775.9232670497
1.395,8311580,9261521.0138609409
1.3999999999999999,8255640,9114310.6883076113
1.405,8171630,8947896.1114321351
1.4099999999999999,8045260,8763103.8056532722
1.415,7927170,8560833.3841907252
1.4199999999999999,7751740,8342056.5770338224
1.425,7577800,8107816.9637272758
1.4299999999999999,7360490,7859229.8904640824
1.4350000000000001,7154530,7597482.107917889
1.4399999999999999,6914400,7323830.72265324
1.4450000000000001,6671530,7039601.1110224146
1.45,6390270,6746183.5022839103
1.4550000000000001,6140060,6445027.9989778288
1.46,5845130,6137637.8685083427
1.4650000000000001,5566290,5825561.0108357752
1.47,5271510,5510379.5827858606
1.4750000000000001,4986980,5193697.8385207765
1.48,4682360,4877128.3261625264
1.4850000000000001,4399270,4562276.659689215
1.49,4093390,4250725.159778106
1.4950000000000001,3819550,3944015.7236755346
1.5,3536220,3643632.3388245078
1.5049999999999999,3262380,3350983.6945297979
1.51,2991080,3067386.3676030296
1.5149999999999999,2749310,2794049.0597595791
1.52,2495300,2532058.3456441793
1.5249999999999999,2269450,2282366.3510494605
1.53,2040050,2045780.7227078888
1.5349999999999999,1835720,1822957.1767071271
1.54,1637670,1614394.8258385831
1.5449999999999999,1457430,1420434.3915330837
1.55,1282820,1241259.3083982423
1.5549999999999999,1131140,1076899.6337637382
1.5600000000000001,986808,927238.58580536756
1.5649999999999999,858317,792021.45590326784
1.5700000000000001,737254,670866.57718524057
1.575,636076,563277.98396985326
1.5800000000000001,538762,468659.36719527852
1.585,459342,386328.91893034225
1.5900000000000001,384454,315534.66373415466
1.595,323923,255469.89413347008
1.6000000000000001,270877,205288.35936129343
1.605,226077,164118.89788508861
1.6100000000000001,189017,131079.25212238426
1.615,160156,105288.85511995472
1.6200000000000001,136098,85880.431114776307
1.625,118572,72010.302421394357
1.6299999999999999,104377,62867.342075639717
1.635,95923.800000000003,57680.553677956959
1.6399999999999999,90263.800000000003,55725.295984245262
1.645,87458.800000000003,56328.1995116217
1.6499999999999999,86870.800000000003,58870.845686510111
1.655,88858.800000000003,62792.296117592625
1.6599999999999999,90937.800000000003,67590.570930845279
1.665,94614.800000000003,72823.181433813923
1.6699999999999999,98864.699999999997,78106.824456300936
1.675,103222,83116.344356347108
1.6799999999999999,108044,87583.064681681702
1.6850000000000001,111942,91292.585583568813
1.6899999999999999,116089,94082.135959644627
1.6950000000000001,118743,95837.561527941492
1.7,122168,96490.022077285903
1.7050000000000001,123877,96012.463369342935
1.71,124867,94415.921857723617
1.7150000000000001,125901,91745.713724554036
1.72,125501,88077.553822058588
1.7250000000000001,125330,83513.644987743581
1.73,125127,78178.773864806586
1.7350000000000001,123796,72216.445750722822
1.74,123178,65785.088031959196
1.7450000000000001,122389,59054.349335973719
1.75,121634,52201.519525667136
1.7549999999999999,122501,45408.093954724871
1.76,122745,38856.503875837378
1.7649999999999999,124044,32727.033436741443
1.77,126390,27194.94221315339
1.7749999999999999,130626,22427.810630824941
1.78,134723,18583.123857573486
1.7849999999999999,142145,15806.107756699119
1.79,148726,14227.828262785697
1.7949999999999999,158633,13963.563066844892
1.8,169956,15111.451796555752
1.8049999999999999,182136,17751.427982631794
1.8100000000000001,196319,21944.433062428008
1.8149999999999999,214192,27731.909546712195
1.8200000000000001,230647,35135.567333217346
1.825,252297,44157.414063931501
1.8300000000000001,272337,54780.03746583523
1.835,296902,66967.124858239084
1.8400000000000001,320472,80664.20251959961
1.845,347734,95799.575439845808
1.8500000000000001,375259,112285.44618729956
1.855,404501,130019.19022639094
1.8600000000000001,432977,148884.76405446994
1.865,463404,168754.22199043958
1.8700000000000001,493997,189489.31733878684
1.875,526970,210943.16395159866
1.8799999999999999,557775,232961.93488907494
1.885,590605,255386.57589738123
1.8899999999999999,620684,278054.51273567788
1.895,651288,300801.33294098062
1.8999999999999999,683979,323462.42436638667
1.905,710876,345874.55471058434
1.9099999999999999,736284,367877.37822099042
1.915,768161,389314.85774875118
1.9199999999999999,791476,410036.59231483284
1.925,814564,429899.04227156821
1.9299999999999999,833549,448766.64597849059
1.9350000000000001,856612,466512.82362689829
1.9399999999999999,872207,483020.86542296462
1.9450000000000001,888845,498184.70275963115
1.95,896139,511909.562264685
1.9550000000000001,911440,524112.50370385021
1.96,916715,534722.84364615823
1.9650000000000001,921239,543682.46757151769
1.97,919501,550946.03372812562
1.9750000000000001,921933,556481.07254388696
1.98,917043,560267.98577704362
1.9850000000000001,911435,562299.94987377815
1.99,900814,562582.72820218874
1.9950000000000001,891699,561134.39697016147
2,875998,557984.98972606321
2.0049999999999999,860300,553176.06540145143
2.0099999999999998,838534,546760.20489818288
2.0150000000000001,818135,538800.44126058184
2.02,794202,529369.62851674028
2.0249999999999999,769213,518549.75432939432
2.0299999999999998,741823,506431.20167152648
2.0350000000000001,714348,493111.96483804035
2.04,683301,478696.82522321201
2.0449999999999999,652636,463296.49243275687
2.0499999999999998,617201,447026.71645572566
2.0550000000000002,586691,430007.37678974576
2.0600000000000001,551591,412361.55458645552
2.0649999999999999,518289,394214.59405414213
2.0699999999999998,482186,375693.15951246145
2.0750000000000002,449590,356924.29462994449
2.0800000000000001,414703,338034.49047879089
2.085,381136,319148.76910337649
2.0899999999999999,347428,300389.78930960014
2.0950000000000002,316553,281876.98133319244
2.1000000000000001,284637,263725.7169290976
2.105,255606,246046.52123522255
2.1099999999999999,226253,228944.33249815842
2.1150000000000002,199473,212517.81540379932
2.1200000000000001,173575,196858.73333207463
2.125,151760,182051.38435438226
2.1299999999999999,129329,168172.10521903235
2.1349999999999998,110891,155288.84693042515
2.1400000000000001,93230.600000000006,143460.82483008018
2.145,78472.699999999997,132738.24534202245
2.1499999999999999,64929.800000000003,123162.11076289871
2.1549999999999998,55301.800000000003,114764.10267116678
2.1600000000000001,47540.900000000001,107566.54371320878
2.165,41440.900000000001,101582.43671108982
2.1699999999999999,37241.900000000001,96815.579240798979
2.1749999999999998,36209.900000000001,93260.751064653407
2.1800000000000002,37044.900000000001,90903.971079899144
2.1850000000000001,40262.900000000001,89722.819779096724
2.1899999999999999,45458.800000000003,89686.82261695269
2.1949999999999998,52916.800000000003,90757.88915156835
2.2000000000000002,62743.800000000003,92890.802382512353
2.2050000000000001,73439.800000000003,96033.752348661583
2.21,85641.699999999997,100128.9077783719
2.2149999999999999,100754,105113.0194042263
2.2200000000000002,116834,110918.04846343979
2.2250000000000001,133180,117471.81390024432
2.23,151381,124698.65186387797
2.2349999999999999,173099,132520.08124936817
2.2400000000000002,193083,140855.46925116691
2.2450000000000001,214139,149622.69118394991
2.25,235129,158738.77916197252
2.2549999999999999,258947,168120.55460929521
2.2599999999999998,281342,177685.2399888408
2.2650000000000001,302517,187351.04557957704
2.27,324096,197037.72758941
2.2749999999999999,349321,206667.11435837686
2.2799999999999998,371032,216163.59787484221
2.2850000000000001,392813,225454.58828979384
2.29,413581,234470.92956500818
2.2949999999999999,435295,243147.27482473617
2.2999999999999998,453699,251422.42039347978
2.3050000000000002,472672,259239.59789114678
2.3100000000000001,491293,266546.72411904717
2.3149999999999999,507984,273296.60880428896
2.3199999999999998,522234,279447.12057541311
2.3250000000000002,539263,284961.31181848841
2.3300000000000001,549462,289807.50331089733
2.335,560770,293959.32975067856
2.3399999999999999,571951,297395.74749395828
2.3450000000000002,581739,300101.00598338706
2.3500000000000001,586136,302064.58449848427
2.355,594217,303281.0959863743
2.3599999999999999,597157,303750.15984059899
2.3650000000000002,601393,303476.24558846781
2.3700000000000001,601209,302468.4895256469
2.375,603136,300740.48640207242
2.3799999999999999,599671,298310.0583173178
2.3849999999999998,599241,295199.00302752689
2.3900000000000001,593048,291432.82390096562
2.395,590286,287040.44378591771
2.3999999999999999,583298,282053.9050735872
2.4049999999999998,575228,276508.05825012294
2.4100000000000001,565663,270440.24123592762
2.415,557019,263889.95180688199
2.4199999999999999,544479,256898.51538069954
2.4249999999999998,535719,249508.75043187244
2.4300000000000002,521903,241764.63377002371
2.4350000000000001,510634,233710.96787834406
2.4399999999999999,495946,225393.05246055071
2.4449999999999998,482513,216856.36228586984
2.4500000000000002,466061,208146.23335139276
2.4550000000000001,453096,199307.55929937816
2.46,437935,190384.49993339437
2.4649999999999999,422567,181420.20357149804
2.4700000000000002,406375,172456.54485702398
2.4750000000000001,391593,163533.87951829607
2.48,375211,154690.81742817606
2.4849999999999999,362846,145964.0151635762
2.4900000000000002,344269,137387.98910483261
2.4950000000000001,330566,128994.94994633138
2.5,315392,120814.65931437003
2.5049999999999999,302718,112874.30900745839
2.5099999999999998,286848,105198.42318981013
2.5150000000000001,274441,97808.783682455964
2.52,259414,90724.378310117681
2.5249999999999999,249303,83961.37207765755
2.5299999999999998,235911,77533.100769516241
2.5350000000000001,224647,71450.086390990909
2.54,212580,65720.073703345624
2.5449999999999999,202516,60348.086947338968
2.5499999999999998,193309,55336.505703421513
2.5550000000000002,183873,50685.158703051689
2.5600000000000001,174671,46391.434285571631
2.5649999999999999,166173,42450.406089931028
2.5699999999999998,157392,38854.972481081852
2.5750000000000002,151208,35596.008137690413
2.5800000000000001,143836,32662.526171291003
2.585,137474,30041.849107266
2.5899999999999999,132012,27719.787034980935
2.5950000000000002,126924,25680.82122771498
2.6000000000000001,121294,23908.291542186522
2.605,116570,22384.585931781185
2.6099999999999999,112193,21091.330446180782
2.6150000000000002,107880,20009.578141966311
2.6200000000000001,104216,19119.995392812409
2.625,100931,18403.044162902403
2.6299999999999999,97512.800000000003,17839.15889190941
2.6349999999999998,94530.800000000003,17408.916733007376
2.6400000000000001,91846.800000000003,17093.199985580875
2.645,89021.800000000003,16873.349670284355
2.6499999999999999,87030.800000000003,16731.309304576811
2.6549999999999998,84185.800000000003,16649.758050585995
2.6600000000000001,81672.800000000003,16612.2325229532
2.665,79429.800000000003,16603.236661059796
2.6699999999999999,77155.800000000003,16608.339186700458
2.6749999999999998,74653.800000000003,16614.25828388954
2.6800000000000002,71947.800000000003,16608.933251195289
2.6850000000000001,70416.800000000003,16581.582988008671
2.6899999999999999,67138.800000000003,16522.751283772388
2.6949999999999998,65773.800000000003,16424.338982808094
2.7000000000000002,62444.800000000003,16279.623196451525
2.7050000000000001,60495.800000000003,16083.263828278132
2.71,57607.800000000003,15831.29776688371
2.7149999999999999,55358.800000000003,15521.121183648245
2.7200000000000002,52280.800000000003,15151.460449882792
2.7250000000000001,49687.900000000001,14722.332258515911
2.73,46809.900000000001,14234.993599837038
2.7349999999999999,44480.900000000001,13691.882298636674
2.7400000000000002,41500.900000000001,13096.548871258236
2.7450000000000001,39007.900000000001,12453.580505521901
2.75,35705.900000000001,11768.518004143352
2.7549999999999999,33458.900000000001,11047.766563117573
2.7599999999999998,30705.900000000001,10298.501280561984
2.7650000000000001,28142.900000000001,9528.5683087270463
2.77,25635.900000000001,8746.3825723222963
2.7749999999999999,23064.900000000001,7960.8229800309346
2.7799999999999998,21028.900000000001,7181.1260531812331
2.7850000000000001,18629.900000000001,6416.7788861206463
2.79,16960,5677.412337039219
2.7949999999999999,14916,4972.695325987409
2.7999999999999998,13341,4312.2310888363127
2.8050000000000002,11967,3705.4562021800839
2.8100000000000001,10497,3161.5431549624059
2.8149999999999999,9699.9699999999993,2689.3071982418219
2.8199999999999998,8872.9799999999996,2297.1181553543506
2.8250000000000002,8257.9799999999996,1992.8178211848485
2.8300000000000001,8149.9799999999996,1783.6435217575531
2.835,8188.9799999999996,1676.1583443734673
2.8399999999999999,8431.9799999999996,1676.188484562882
2.8450000000000002,9137.9699999999993,1788.7680897198031
2.8500000000000001,9969.9699999999993,2018.0919110002985
2.855,11203,2367.4760054772373
2.8599999999999999,12834,2839.3266602415033
2.8650000000000002,14548,3435.1176397234058
2.8700000000000001,16556,4155.3757875772726
2.875,18865.900000000001,4999.6749456194821
2.8799999999999999,21543.900000000001,5966.6380851147842
2.8849999999999998,24207.900000000001,7053.9474807254155
2.8900000000000001,27140.900000000001,8258.3626952035411
2.895,30965.900000000001,9575.7460839161249
2.8999999999999999,34405.900000000001,11001.095473000163
2.9049999999999998,38122.900000000001,12528.583613767149
2.9100000000000001,41715.900000000001,14151.603969271615
2.915,45840.800000000003,15862.822347039863
2.9199999999999999,50290.800000000003,17654.23385507493
2.9249999999999998,54163.800000000003,19517.224626610681
2.9300000000000002,58960.800000000003,21442.637732818519
2.9350000000000001,63583.800000000003,23420.842681856739
2.9399999999999999,67795.800000000003,25441.807887316867
2.9449999999999998,72277.800000000003,27495.175479232897
2.9500000000000002,76765.800000000003,29570.337826292522
2.9550000000000001,81766.800000000003,31656.515138591498
2.96,85518.800000000003,33742.833526024107
2.9649999999999999,90591.800000000003,35818.402897983513
2.9700000000000002,94046.800000000003,37872.394105201514
2.9750000000000001,98488.699999999997,39894.114743998849
2.98,101971,41873.083066632811
2.9849999999999999,105999,43799.099468484972
2.9900000000000002,109575,45662.315053177605
2.9950000000000001,112751,47453.296809983738
3,116477,49163.088973735459
3.0049999999999999,118986,50783.270175469457
3.0099999999999998,121572,52306.006031912017
3.0150000000000001,124335,53724.096863235522
3.02,126045,55031.020270962974
3.0249999999999999,127987,56220.968351114163
3.0299999999999998,129010,57288.879361347899
3.0350000000000001,130946,58230.463704644331
3.04,131451,59042.224135693148
3.0449999999999999,132464,59721.470139322228
3.0499999999999998,132025,60266.326472755951
3.0550000000000002,132655,60675.735904980982
3.0600000000000001,131765,60949.456226791168
3.0649999999999999,131288,61088.051643967912
3.0699999999999998,129637,61092.878703326096
3.0750000000000002,128759,60966.06693684122
3.0800000000000001,126950,60710.494442595969
3.085,125396,60329.758652696037
3.0899999999999999,123247,59828.142567461735
3.0950000000000002,121778,59210.576761978955
3.1000000000000001,118389,58482.59749537606
3.105,116176,57650.301274881378
3.1099999999999999,112328,56720.29624572047
3.1150000000000002,109904,55699.650794158413
3.1200000000000001,106188,54595.83976441728
3.125,103770,53416.688700753162
3.1299999999999999,99519.699999999997,52170.316533626326
3.1349999999999998,96787.699999999997,50865.077133620784
3.1400000000000001,92837.699999999997,49509.500158561219
3.145,89132.800000000003,48112.231618144957
3.1499999999999999,84163.800000000003,46681.974576382148
3.1549999999999998,81154.800000000003,45227.430405262807
3.1600000000000001,77887.800000000003,43757.240993405154
3.165,74161.800000000003,42279.932301067056
3.1699999999999999,69877.800000000003,40803.859637918889
3.1749999999999998,66822.800000000003,39337.155022498475
3.1800000000000002,63356.800000000003,37887.676962432117
3.1850000000000001,60215.800000000003,36462.962972463909
3.1899999999999999,56722.800000000003,35070.18512325795
3.1949999999999998,53616.800000000003,33716.108888013245
3.2000000000000002,50797.800000000003,32407.055526360593
3.2050000000000001,47274.800000000003,31148.868216011906
3.21,44992.800000000003,29946.882112433635
3.2149999999999999,42587.900000000001,28805.898485657155
3.2200000000000002,39616.900000000001,27730.163051467247
3.2250000000000001,38106.900000000001,26723.348581879731
3.23,35926.900000000001,25788.541847287466
3.2349999999999999,34368.900000000001,24928.23491017894
3.2400000000000002,32795.900000000001,24144.320758173053
3.2450000000000001,31382.900000000001,23438.093232518542
3.25,30100.900000000001,22810.251177424405
3.2549999999999999,29088.900000000001,22260.906705853631
3.2599999999999998,28213.900000000001,21789.597448951885
3.2650000000000001,28037.900000000001,21395.302629305956
3.27,27541.900000000001,21076.462772928509
3.2749999999999999,27610.900000000001,20831.002851421414
3.2799999999999998,27310.900000000001,20656.358624338427
3.2850000000000001,27759.900000000001,20549.505932483247
3.29,27763.900000000001,20506.992675856724
3.2949999999999999,28641.900000000001,20524.973195297822
3.2999999999999998,28966.900000000001,20599.244764616029
3.3050000000000002,29519.900000000001,20725.28589023319
3.3100000000000001,29947.900000000001,20898.296108063085
3.3149999999999999,31467.900000000001,21113.236962557541
3.3199999999999998,32297.900000000001,21364.873850517106
3.3250000000000002,33724.900000000001,21647.818412359647
3.3300000000000001,34656.900000000001,21956.571156000813
3.335,36258.900000000001,22285.56400324537
3.3399999999999999,36896.900000000001,22629.202455522933
3.3450000000000002,37940.900000000001,22981.907084812919
3.3500000000000001,39556.900000000001,23338.15406656839
3.355,40654.900000000001,23692.514484230574
3.3599999999999999,41805.900000000001,24039.692149379476
3.3650000000000002,42950.900000000001,24374.559697538385
3.3700000000000001,43852.900000000001,24692.192736981644
3.375,45217.900000000001,24987.901846421573
3.3799999999999999,45757.900000000001,25257.2622370061
3.3849999999999998,47421.900000000001,25496.140914474621
3.3900000000000001,47554.900000000001,25700.721198428779
3.395,48748.900000000001,25867.524477310119
3.3999999999999999,48772.900000000001,25993.429099674071
3.4049999999999998,49920.900000000001,26075.686324549381
3.4100000000000001,49839.800000000003,26111.933275916366
3.415,50380.900000000001,26100.202868477376
3.4199999999999999,50308.800000000003,26038.930693781069
3.4249999999999998,50787.800000000003,25926.958877261506
3.4300000000000002,50401.800000000003,25763.536937730587
3.4350000000000001,50212.900000000001,25548.319701193752
3.4399999999999999,50245.800000000003,25281.362340425872
3.4449999999999998,50163.800000000003,24963.112630438682
3.4500000000000002,49160.800000000003,24594.400527689697
3.4550000000000001,48391.800000000003,24176.425197532339
3.46,47996.800000000003,23710.739629902841
3.4649999999999999,46925.800000000003,23199.232997503233
3.4700000000000002,46054.900000000001,22644.110923703716
3.4750000000000001,45078.900000000001,22047.873838990687
3.48,43581.900000000001,21413.293614977953
3.4849999999999999,42629.900000000001,20743.388673734553
3.4900000000000002,41579.900000000001,20041.397777429476
3.4950000000000001,40521.900000000001,19310.752709026314
3.5,38716.900000000001,18555.050058962923
3.5049999999999999,37580.900000000001,17778.022335416124
3.5099999999999998,36062.900000000001,16983.508616881318
3.5150000000000001,34692.900000000001,16175.424965402592
3.52,33049.900000000001,15357.734816892435
3.5249999999999999,31537.900000000001,14534.419561610011
3.5299999999999998,29950.900000000001,13709.449523063688
3.5350000000000001,28352.900000000001,12886.755537414734
3.54,27074.900000000001,12070.201327941902
3.5449999999999999,25473.900000000001,11263.55686034771
3.5499999999999998,23692.900000000001,10470.472854719717
3.5550000000000002,22340.900000000001,9694.4566188871486
3.5600000000000001,20811.900000000001,8938.8493558237442
3.5649999999999999,19623.900000000001,8206.805084738513
3.5699999999999998,18335.900000000001,7501.2713016697953
3.5750000000000002,16886.900000000001,6824.971490862953
3.5800000000000001,15588,6180.3895830809224
3.585,14460,5569.7564413867258
3.5899999999999999,13555,4995.03843896744
3.5950000000000002,12343,4457.9281773617895
3.6000000000000001,11380,3959.837377130923
3.605,10654,3501.891956696782
3.6099999999999999,9700.9599999999991,3084.929298885972
3.6150000000000002,8994.9699999999993,2709.4976887783414
3.6200000000000001,8409.9699999999993,2375.8578908848444
3.625,7847.9700000000003,2083.9868185801765
3.6299999999999999,7388.9799999999996,1833.5832341989912
3.6349999999999998,6884.9799999999996,1624.0754043708182
3.6400000000000001,6708.9799999999996,1454.6306221118386
3.645,6220.9799999999996,1324.1664949975977
3.6499999999999999,6188.9799999999996,1231.3638874875019
3.6549999999999998,6144.9799999999996,1174.6813952285743
3.6600000000000001,6059.9799999999996,1152.371219992275
3.665,5950.9799999999996,1162.4963058444034
3.6699999999999999,6032.9799999999996,1202.9485902544845
3.6749999999999998,6060.9799999999996,1271.4682181479332
3.6800000000000002,6214.9799999999996,1365.6635624119265
3.6850000000000001,6291.9799999999996,1483.0318910946494
3.6899999999999999,6493.9799999999996,1620.980519487925
3.6949999999999998,6723.9799999999996,1776.8482844462671
3.7000000000000002,7037.9799999999996,1947.9271786529334
3.7050000000000001,7134.9700000000003,2131.4839840687946
3.71,7257.9700000000003,2324.781746457732
3.7149999999999999,7725.9700000000003,2525.1009366299877
3.7200000000000002,8096.9700000000003,2729.7601488328082
3.7250000000000001,8200.9699999999993,2936.1361924893749
3.73,8374.9699999999993,3141.6834401807273
3.7349999999999999,8783.9699999999993,3343.952302313834
3.7400000000000002,8933.9699999999993,3540.6067072509886
3.7450000000000001,9053.9699999999993,3729.4404747160715
3.75,9129.9699999999993,3908.3924799639108
3.7549999999999999,9453.9699999999993,4075.5605164196613
3.7599999999999998,9463.9699999999993,4229.2137751836217
3.7650000000000001,9661.9699999999993,4367.8038708702779
3.77,9536.9599999999991,4489.9743546249438
3.7749999999999999,9804.9699999999993,4594.5686667537848
3.7799999999999998,9640.9699999999993,4680.6364931304806
3.7850000000000001,9633.9699999999993,4747.4385013235624
3.79,9480.9699999999993,4794.4494441427069
3.7949999999999999,9429.9699999999993,4821.3596299515148
3.7999999999999998,9140.9699999999993,4828.0747705634767
3.8050000000000002,9132.9699999999993,4814.714228753417
3.8100000000000001,8645.9699999999993,4781.607698309339
3.8149999999999999,8447.9699999999993,4729.2903600526888
3.8199999999999998,8117.9700000000003,4658.4965673056877
3.8250000000000002,7898.9799999999996,4570.1521238239211
3.8300000000000001,7434.9700000000003,4465.3652261858551
3.835,6970.9799999999996,4345.4161509880341
3.8399999999999999,6719.9799999999996,4211.7457748894622
3.8450000000000002,6303.9799999999996,4065.9430225399101
3.8500000000000001,5850.9799999999996,3909.7313436782633
3.855,5398.9799999999996,3744.9543261670992
3.8599999999999999,4960.9799999999996,3573.5605564122548
3.8650000000000002,4642.9799999999996,3397.5878424803032
3.8700000000000001,4211.9799999999996,3219.146918256567
3.875,3878.98,3040.4047491716601
3.8799999999999999,3368.9899999999998,2863.5675613602198
3.8849999999999998,3053.9899999999998,2690.8637166023614
3.8900000000000001,2735.9899999999998,2524.5265550422337
3.895,2498.9899999999998,2366.7773264904022
3.8999999999999999,2171.9899999999998,2219.8083291143175
3.9049999999999998,1975.99,2085.766371526066
3.9100000000000001,1773.99,1966.7366707158208
3.915,1664.99,1864.7272939854643
3.9199999999999999,1589.99,1781.6542480463136
3.9249999999999998,1513,1719.327312799524
3.9300000000000002,1549,1679.4367110630747
3.9350000000000001,1659.99,1663.5406986952214
3.9399999999999999,1702.99,1673.0541522439012
3.9449999999999998,1943.99,1709.2382234817228
3.9500000000000002,2184.9899999999998,1773.1911220257552
3.9550000000000001,2508.9899999999998,1865.840078752432
3.96,2820.9899999999998,1987.9345339637512
3.9649999999999999,3323.9899999999998,2140.0405853067764
3.9700000000000002,3894.9899999999998,2322.5367213599011
3.9750000000000001,4478.9799999999996,2535.6108576427796
3.98,5010.9799999999996,2779.2586826482152
3.9849999999999999,5747.9700000000003,3053.2833123990199
3.9900000000000002,6400.9700000000003,3357.2962430651678
3.9950000000000001,7277.9700000000003,3690.7195823987358
4,8176.9700000000003,4052.7895322166828
4.0049999999999999,9031.9699999999993,4442.561085941722
4.0099999999999998,9785.9699999999993,4858.9138973542376
4.0149999999999997,10962,5300.5592692640103
4.0199999999999996,12023.9,5766.0482038268465
4.0250000000000004,12923.9,6253.7804497506804
4.0300000000000002,13884.9,6762.0144756970185
4.0350000000000001,15231.9,7288.8782938200611
4.04,16496.900000000001,7832.3810526266398
4.0449999999999999,17703.900000000001,8390.4253142086764
4.0499999999999998,18659.900000000001,8960.819927414941
4.0549999999999997,19867.900000000001,9541.2934057038838
4.0599999999999996,21254.900000000001,10129.507716262669
4.0650000000000004,21990.900000000001,10723.072385492151
4.0700000000000003,23525.900000000001,11319.558825141892
4.0750000000000002,24822.900000000001,11916.514783226941
4.0800000000000001,25792.900000000001,12511.478824356984
4.085,27033.900000000001,13101.99474524411
4.0899999999999999,27800.900000000001,13685.625832906586
4.0949999999999998,28831.900000000001,14259.968875430146
4.0999999999999996,30191.900000000001,14822.667838056816
4.1050000000000004,31124.900000000001,15371.427120814504
4.1100000000000003,31889.900000000001,15904.024317844147
4.1150000000000002,32639.900000000001,16418.322402988786
4.1200000000000001,33471.900000000001,16912.281271042688
4.125,34343.900000000001,17383.968569276909
4.1299999999999999,34814.900000000001,17831.569759419461
4.1349999999999998,35985.900000000001,18253.397356128877
4.1399999999999997,36062.900000000001,18647.899294117062
4.1449999999999996,37059.900000000001,19013.666382403124
4.1500000000000004,37060.900000000001,19349.438810672582
4.1550000000000002,37477.900000000001,19654.111679327605
4.1600000000000001,37811.900000000001,19926.73953150104
4.165,38168.900000000001,20166.539872024427
4.1699999999999999,38256.900000000001,20372.895665045016
4.1749999999999998,38550.900000000001,20545.35680863573
4.1799999999999997,38193.900000000001,20683.64059129501
4.1849999999999996,38529.900000000001,20787.631141649257
4.1900000000000004,38121.900000000001,20857.377888912262
4.1950000000000003,37956.900000000001,20893.093057686394
4.2000000000000002,37989.900000000001,20895.148226475427
4.2050000000000001,37766.900000000001,20864.069984786533
4.21,36683.900000000001,20800.534728898445
4.2149999999999999,36526.900000000001,20705.362641237534
4.2199999999999998,35868.900000000001,20579.510902807389
4.2249999999999996,35178.900000000001,20424.066192238221
4.2300000000000004,34568.900000000001,20240.23652873985
4.2350000000000003,34360.900000000001,20029.342519539343
4.2400000000000002,33436.900000000001,19792.808075245943
4.2450000000000001,32573.900000000001,19532.15065900152
4.25,31982.900000000001,19248.971137233952
4.2549999999999999,31215.900000000001,18944.943301328884
4.2599999999999998,30075.900000000001,18621.803130568118
4.2649999999999997,29206.900000000001,18281.337867250972
4.2699999999999996,28307.900000000001,17925.37497502012
4.2750000000000004,27711.900000000001,17555.771051061907
4.2800000000000002,26692.900000000001,17174.400762050685
4.2850000000000001,26155.900000000001,16783.145872468074
4.29,24534.900000000001,16383.884432265846
4.2949999999999999,23986.900000000001,15978.480188769936
4.2999999999999998,22927.900000000001,15568.772285263263
4.3049999999999997,22110.900000000001,15156.565305856097
4.3099999999999996,20737.900000000001,14743.619723078848
4.3150000000000004,20593.900000000001,14331.642801137812
4.3200000000000003,19550.900000000001,13922.280003987464
4.3250000000000002,18592.900000000001,13517.106953320865
4.3300000000000001,17729.900000000001,13117.621977294692
4.335,17026.900000000001,12725.239286316699
4.3399999999999999,16328,12341.282807565558
4.3449999999999998,15692,11966.980705117967
4.3499999999999996,14755,11603.460607660676
4.3550000000000004,14132,11251.745560798958
4.3600000000000003,13620,10912.750715973572
4.3650000000000002,13100,10587.280762998433
4.3700000000000001,12324,10276.028108265989
4.375,11994,9979.5717957689267
4.3799999999999999,11195,9698.3771632883163
4.3849999999999998,10984,9432.7962214301715
4.3899999999999997,10717,9183.0687386849986
4.3949999999999996,10375,8949.3240113661413
4.4000000000000004,9952.9599999999991,8731.5832931792265
4.4050000000000002,9782.9599999999991,8529.7628553114464
4.4100000000000001,9390.9699999999993,8343.6776443281597
4.415,9377.9699999999993,8173.0455018457596
4.4199999999999999,9230.9699999999993,8017.4919069318848
4.4249999999999998,9150.9699999999993,7876.5551994822436
4.4299999999999997,8820.9699999999993,7749.6922404508614
4.4349999999999996,8943.9699999999993,7636.2844627775003
4.4400000000000004,8749.9699999999993,7535.6442651706448
4.4450000000000003,8873.9699999999993,7447.0216995715846
4.4500000000000002,8777.9699999999993,7369.611402147706
4.4550000000000001,8783.9699999999993,7302.5597170412002
4.46,8845.9699999999993,7244.9719618302206
4.4649999999999999,9010.9699999999993,7195.9197837388565
4.4699999999999998,8925.9699999999993,7154.4485560521498
4.4749999999999996,9265.9699999999993,7119.5847649440884
4.4800000000000004,9459.9699999999993,7090.3433379977987
4.4850000000000003,9444.9699999999993,7065.7348670750071
4.4900000000000002,9309.9699999999993,7044.7726798605772
4.4950000000000001,9542.9699999999993,7026.4797163504127
4.5,9567.9699999999993,7009.8951687490135
4.5049999999999999,9911.9599999999991,6994.0808456760114
4.5099999999999998,9835.9599999999991,6978.1272242283576
4.5149999999999997,9981.9599999999991,6961.1591562842941
4.5199999999999996,10161,6942.3411984435006
4.5250000000000004,10209,6920.8825381519
4.5300000000000002,10204,6896.0414918347387
4.5350000000000001,10415,6867.1295542339631
4.54,10279,6833.5149815906807
4.5449999999999999,10264,6794.6258948064105
4.5499999999999998,10414,6749.9528922334966
4.5549999999999997,10581,6699.0511652615814
4.5599999999999996,10389,6641.5421133602104
4.5650000000000004,10312,6577.1144586842929
4.5700000000000003,10095,6505.52486372768
4.5750000000000002,10096,6426.5980587991953
4.5800000000000001,10020,6340.2264892750245
4.585,10085,6246.3694956324116
4.5899999999999999,9909.9599999999991,6145.0520421743295
4.5949999999999998,9765.9599999999991,6036.3630130967304
4.5999999999999996,9778.9599999999991,5920.4530971138865
4.6050000000000004,9336.9699999999993,5797.5322842295418
4.6100000000000003,9162.9699999999993,5667.8670004099922
4.6150000000000002,9194.9699999999993,5531.7769078688198
4.6200000000000001,8719.9699999999993,5389.631400403081
4.625,8690.9699999999993,5241.845824719544
4.6299999999999999,8234.9699999999993,5088.8774599511871
4.6349999999999998,8052.9700000000003,4931.2212885845993
4.6399999999999997,7869.9799999999996,4769.4055927953932
4.6449999999999996,7420.9700000000003,4603.9874107201813
4.6500000000000004,7205.9799999999996,4435.5478874811397
4.6550000000000002,7055.9799999999996,4264.6875558243282
4.6600000000000001,6724.9799999999996,4092.0215810401514
4.665,6559.9700000000003,3918.1750044085084
4.6699999999999999,6097.9799999999996,3743.778018759162
4.6749999999999998,5955.9799999999996,3569.4613088679921
4.6799999999999997,5448.9799999999996,3395.8514883312382
4.6849999999999996,5379.9799999999996,3223.5666632836355
4.6900000000000004,4921.9799999999996,3053.2121518641638
4.6950000000000003,4698.9799999999996,2885.3763866980862
4.7000000000000002,4442.9799999999996,2720.6270258698814
4.7050000000000001,4039.98,2559.5072959234781
4.71,3819.9899999999998,2402.5325883594096
4.7149999999999999,3616.9899999999998,2250.18732891935
4.7199999999999998,3239.9899999999998,2102.9221366737579
4.7249999999999996,3047.9899999999998,1961.1512875751548
4.7300000000000004,2704.9899999999998,1825.2504947254386
4.7350000000000003,2520.9899999999998,1695.5550151481027
4.7400000000000002,2246.9899999999998,1572.3580903730478
4.7450000000000001,2126.9899999999998,1455.9097256503408
4.75,1969.99,1346.4158101272262
4.7549999999999999,1738.99,1244.0375778669122
4.7599999999999998,1580.99,1148.8914071748281
4.7649999999999997,1465.99,1061.0489533441203
4.7699999999999996,1265.99,980.53760765264349
4.7750000000000004,1212.99,907.34127325314807
4.7800000000000002,1028,841.4014465106028
4.7850000000000001,926.99599999999998,782.61859036844885
4.79,863.99599999999998,730.85378448092422
4.7949999999999999,758.99599999999998,685.93063514210723
4.7999999999999998,668.99699999999996,647.63742648370248
4.8049999999999997,657.99800000000005,615.72949301115398
4.8099999999999996,599.99800000000005,589.93179230866724
4.8150000000000004,562.99800000000005,569.94165567402172
4.8200000000000003,496.99799999999999,555.43169354831389
4.8250000000000002,495.99799999999999,546.05283188730959
4.8300000000000001,500.99799999999999,541.43745508193615
4.835,444.99799999999999,541.2026306763911
4.8399999999999999,456.99799999999999,544.95339095280974
4.8449999999999998,509.99799999999999,552.2860464497378
4.8499999999999996,511.99799999999999,562.79150665475231
4.8550000000000004,550.99800000000005,576.05858345541162
4.8600000000000003,496.99799999999999,591.67725344201267
4.8650000000000002,520.99800000000005,609.24185582411724
4.8700000000000001,567.99800000000005,628.35420354322287
4.875,592.99800000000005,648.62658612807616
4.8799999999999999,574.99800000000005,669.68464393795625
4.8849999999999998,661.99699999999996,691.17009466296577
4.8899999999999997,679.99699999999996,712.74329428850444
4.8949999999999996,709.99699999999996,734.08561617257442
4.9000000000000004,730.99699999999996,754.90163341778543
4.9050000000000002,770.99699999999996,774.92109133290933
4.9100000000000001,783.99699999999996,793.90065845920924
4.915,805.99699999999996,811.62544637197789
4.9199999999999999,809.99699999999996,827.91029024500199
4.9249999999999998,865.99699999999996,842.60078397225288
4.9299999999999997,859.99699999999996,855.57406546415518
4.9349999999999996,855.99699999999996,866.7393495626801
4.9400000000000004,896.99599999999998,876.03820783767787
4.9450000000000003,907.99699999999996,883.44459632414726
4.9500000000000002,903.99699999999996,888.96463402456038
4.9550000000000001,906.99599999999998,892.63613672049371
4.96,925.99599999999998,894.527912302608
4.9649999999999999,852.99599999999998,894.73882542701097
4.9699999999999998,916.99599999999998,893.39664082936133
4.9749999999999996,857.99699999999996,890.65665606647906
4.9800000000000004,857.99699999999996,886.70013580024784
4.9850000000000003,870.99699999999996,881.73256098240222
4.9900000000000002,795.99699999999996,875.98170743443075
4.9950000000000001,787.99699999999996,869.6955693381318
5,822.99699999999996,863.14014405396733
5.0049999999999999,794.99699999999996,856.59709546187855
5.0099999999999998,752.99699999999996,850.36131366903396
5.0149999999999997,738.99699999999996,844.73838944843681
5.0199999999999996,777.99699999999996,840.04202215963812
5.0250000000000004,683.99699999999996,836.59138015713825
5.0300000000000002,695.99699999999996,834.70843281342229
5.0350000000000001,746.99699999999996,834.71527327288811
5.04,783.99699999999996,836.93145091198585
5.0449999999999999,793.99699999999996,841.67133221231518
5.0499999999999998,779.99699999999996,849.24150836065917
5.0549999999999997,813.99699999999996,859.93826737724135
5.0599999999999996,777.99699999999996,874.04514794583736
5.0650000000000004,829.99699999999996,891.83059138244994
5.0700000000000003,845.99699999999996,913.54570733944638
5.0750000000000002,879.99699999999996,939.42216790628606
5.0800000000000001,942.99699999999996,969.67024374383141
5.085,1030,1004.4769947846607
5.0899999999999999,1112,1044.0046268553806
5.0949999999999998,1175,1088.3890243373944
5.0999999999999996,1220,1137.738467689197
5.1050000000000004,1314.99,1192.1325433153222
5.1100000000000003,1420.99,1251.6212518943046
5.1150000000000002,1562.99,1316.224319879972
5.1200000000000001,1593.99,1385.9307174769654
5.125,1726.99,1460.6983849721764
5.1299999999999999,1947.99,1540.4541678885601
5.1349999999999998,2033.99,1625.09396002587
5.1399999999999997,2170.9899999999998,1714.4830520736989
5.1449999999999996,2315.9899999999998,1808.4566821345827
5.1500000000000004,2442.9899999999998,1906.8207831876957
5.1550000000000002,2621.9899999999998,2009.3529212648718
5.1600000000000001,2726.9899999999998,2115.8034169083257
5.165,2973.9899999999998,2225.8966413406933
5.1699999999999999,3019.9899999999998,2339.3324777097373
5.1749999999999998,3300.9899999999998,2455.7879367784035
5.1799999999999997,3500.9899999999998,2574.9189155215554
5.1849999999999996,3691.9899999999998,2696.3620862684561
5.1900000000000004,3835.9899999999998,2819.7369032994561
5.1950000000000003,4074.9899999999998,2944.6477131696865
5.2000000000000002,4239.9899999999998,3070.6859544950244
5.2050000000000001,4480.9799999999996,3197.4324324983231
5.21,4542.9799999999996,3324.4596532782803
5.2149999999999999,4749.9799999999996,3451.3342025303664
5.2199999999999998,4837.9799999999996,3577.6191533188262
5.2249999999999996,5131.9799999999996,3702.876487470613
5.2300000000000004,5224.9799999999996,3826.669515234501
5.2350000000000003,5492.9799999999996,3948.5652780202454
5.2400000000000002,5553.9799999999996,4068.1369193004325
5.2450000000000001,5812.9799999999996,4184.9660091187716
5.25,5744.9799999999996,4298.6448080993268
5.2549999999999999,6154.9799999999996,4408.7784573871377
5.2599999999999998,6203.9799999999996,4514.9870815673648
5.2649999999999997,6383.9799999999996,4616.9077923022314
5.2699999999999996,6411.9799999999996,4714.1965811869586
5.2750000000000004,6360.9799999999996,4806.5300911518643
5.2800000000000002,6506.9799999999996,4893.6072566214598
5.2850000000000001,6540.9799999999996,4975.1508035759398
5.29,6822.9799999999996,5050.9086016398633
5.2949999999999999,6759.9799999999996,5120.6548613391233
5.2999999999999998,6934.9799999999996,5184.1911707144509
5.3049999999999997,6923.9799999999996,5241.3473665497777
5.3099999999999996,6987.9700000000003,5291.9822365600121
5.3150000000000004,6953.9799999999996,5335.9840499779411
5.3200000000000003,7109.9799999999996,5373.2709150767314
5.3250000000000002,7101.9700000000003,5403.7909632561987
5.3300000000000001,7032.9700000000003,5427.5223604004495
5.335,7042.9799999999996,5444.4731472752183
5.3399999999999999,6949.9799999999996,5454.6809117685962
5.3449999999999998,7062.9799999999996,5458.2122967828918
5.3499999999999996,6955.9799999999996,5455.1623485518821
5.3550000000000004,6915.9799999999996,5445.6537110813533
5.3600000000000003,7020.9799999999996,5429.8356732864386
5.3650000000000002,6914.9700000000003,5407.8830762215293
5.3700000000000001,6896.9799999999996,5379.9950885637518
5.375,6671.9799999999996,5346.3938592144723
5.3799999999999999,6545.9799999999996,5307.3230565219073
5.3849999999999998,6389.9799999999996,5263.046304198414
5.3899999999999997,6342.9799999999996,5213.8455245057567
5.3949999999999996,6427.9799999999996,5160.0191997085849
5.4000000000000004,6042.9799999999996,5101.8805631486794
5.4050000000000002,5958.9799999999996,5039.7557315693712
5.4100000000000001,5887.9799999999996,4973.9817905197906
5.415,5851.9799999999996,4904.9048447926543
5.4199999999999999,5612.9799999999996,4832.8780458969341
5.4249999999999998,5486.9799999999996,4758.2596085392006
5.4299999999999997,5547.9799999999996,4681.4108279855491
5.4349999999999996,5320.9799999999996,4602.6941100019612
5.4400000000000004,5203.9799999999996,4522.4710248264264
5.4450000000000003,5004.9799999999996,4441.1003963140029
5.4500000000000002,4917.9799999999996,4358.9364370191042
5.4550000000000001,4862.9799999999996,4276.3269395410362
5.46,4771.9799999999996,4193.611533962553
5.4649999999999999,4536.9799999999996,4111.1200206615677
5.4699999999999998,4369.9899999999998,4029.1707871766357
5.4749999999999996,4253.9899999999998,3948.0693171626212
5.4800000000000004,4170.9799999999996,3868.1067987883471
5.4850000000000003,4122.9899999999998,3789.5588392083373
5.4900000000000002,3921.9899999999998,3712.6842909906295
5.4950000000000001,3999.9899999999998,3637.7241956078351
5.5,3789.9899999999998,3564.9008483039115
5.5049999999999999,3761.9899999999998,3494.4169878402145
5.5099999999999998,3618.9899999999998,3426.4551138065026
5.5149999999999997,3596.9899999999998,3361.1769333610455
5.5199999999999996,3484.9899999999998,3298.7229384441102
5.5250000000000004,3480.9899999999998,3239.2121136961091
5.5300000000000002,3395.9899999999998,3182.7417745105463
5.5350000000000001,3270.9899999999998,3129.3875338675921
5.54,3292.9899999999998,3079.2033958313527
5.5449999999999999,3157.9899999999998,3032.2219728571536
5.5499999999999998,3154.9899999999998,2988.4548233486648
5.5549999999999997,3144.9899999999998,2947.8929052326107
5.5599999999999996,3226.9899999999998,2910.5071406845805
5.5650000000000004,3071.9899999999998,2876.2490865467348
5.5700000000000003,3014.9899999999998,2845.0517044299054
5.5750000000000002,2963.9899999999998,2816.830223991506
5.5800000000000001,3096.9899999999998,2791.4830924291609
5.585,3104.9899999999998,2768.8930028300651
5.5899999999999999,3038.9899999999998,2748.9279936694033
5.5949999999999998,3027.9899999999998,2731.4426114589728
5.5999999999999996,3008.9899999999998,2716.2791283104289
5.6050000000000004,3053.9899999999998,2703.2688059966536
5.6100000000000003,3025.9899999999998,2692.2331979699402
5.6150000000000002,3141.9899999999998,2682.9854807267052
5.6200000000000001,3107.9899999999998,2675.3318058946825
5.625,3072.9899999999998,2669.0726644590413
5.6299999999999999,3136.9899999999998,2664.0042546375366
5.6349999999999998,3086.9899999999998,2659.9198450597464
5.6399999999999997,3141.9899999999998,2656.6111251000652
5.6449999999999996,3176.9899999999998,2653.8695344560965
5.6500000000000004,3176.9899999999998,2651.487564350929
5.6550000000000002,3245.9899999999998,2649.2600230669536
5.6600000000000001,3155.9899999999998,2646.9852588873509
5.665,3243.9899999999998,2644.4663339260414
5.6699999999999999,3269.9899999999998,2641.5121427646036
5.6749999999999998,3289.9899999999998,2637.9384702817797
5.6799999999999997,3340.9899999999998,2633.5689835543426
5.6849999999999996,3255.9899999999998,2628.2361532235809
5.6900000000000004,3273.9899999999998,2621.7821002556452
5.6950000000000003,3227.9899999999998,2614.0593645729041
5.7000000000000002,3194.9899999999998,2604.9315925933588
5.7050000000000001,3329.9899999999998,2594.2741412822593
5.71,3264.9899999999998,2581.9745968907596
5.7149999999999999,3171.9899999999998,2567.9332071267959
5.7199999999999998,3270.9899999999998,2552.0632260699526
5.7249999999999996,3178.9899999999998,2534.2911717012416
5.7300000000000004,3223.9899999999998,2514.5569964670603
5.7350000000000003,3065.9899999999998,2492.8141718308889
5.7400000000000002,3098.9899999999998,2469.029688283289
5.7450000000000001,3132.9899999999998,2443.1839727777128
5.75,3038.9899999999998,2415.2707260335119
5.7549999999999999,2912.9899999999998,2385.2966825960243
5.7599999999999998,2927.9899999999998,2353.2812969641986
5.7649999999999997,2923.9899999999998,2319.2563594868238
5.7699999999999996,2820.9899999999998,2283.265546087187
5.7750000000000004,2824.9899999999998,2245.3639062012207
5.7800000000000002,2800.9899999999998,2205.6172936044927
5.7850000000000001,2631.9899999999998,2164.1017450576355
5.79,2641.9899999999998,2120.9028119170966
5.7949999999999999,2659.9899999999998,2076.1148500377199
5.7999999999999998,2500.9899999999998,2029.8402734353735
5.8049999999999997,2493.9899999999998,1982.1887772813475
5.8099999999999996,2378.9899999999998,1933.2765358657934
5.8150000000000004,2299.9899999999998,1883.2253811953201
5.8200000000000003,2192.9899999999998,1832.161967880721
5.8250000000000002,2229.9899999999998,1780.2169299252837
5.8300000000000001,2091.9899999999998,1727.5240349436426
5.835,2001.99,1674.219341226406
5.8399999999999999,1907.99,1620.4403629188271
5.8449999999999998,1957.99,1566.3252484037891
5.8499999999999996,1762.99,1512.0119767723158
5.8550000000000004,1767.99,1457.6375770307293
5.8600000000000003,1621.99,1403.3373744343248
5.8650000000000002,1496.99,1349.2442680554534
5.8700000000000001,1505.99,1295.4880433914086
5.875,1504.99,1242.1947234968929
5.8799999999999999,1425.99,1189.4859617896641
5.8849999999999998,1300,1137.4784793286658
5.8899999999999997,1169,1086.2835490042207
5.8949999999999996,1107,1036.0065287121329
5.9000000000000004,1144,986.746445210601
5.9050000000000002,976.99699999999996,938.59562998309843
5.9100000000000001,969.99599999999998,891.6394080544427
5.915,920.99599999999998,845.95584033367118
5.9199999999999999,900.99699999999996,801.61551968844174
5.9249999999999998,826.99699999999996,758.68142059386469
5.9299999999999997,710.99699999999996,717.20880184620592
5.9349999999999996,680.99699999999996,677.24516149093336
5.9400000000000004,722.99699999999996,638.83024278709274
5.9450000000000003,639.99699999999996,601.99608971799785
5.9500000000000002,559.99800000000005,566.76715026331738
5.9550000000000001,505.99799999999999,533.16042537161422
5.96,487.99799999999999,501.18566131650999
5.9649999999999999,447.99799999999999,470.84558288537551
5.9699999999999998,443.99799999999999,442.13616463773849
5.9749999999999996,431.99799999999999,415.04693728251982
5.9800000000000004,338.99799999999999,389.5613260594348
5.9850000000000003,331.99799999999999,365.65701787106127
5.9900000000000002,291.99900000000002,343.30635379855795
5.9950000000000001,319.99900000000002,322.47674354604464
6,262.99900000000002,303.13109829628712
6.0049999999999999,215.999,285.22827842341928
6.0099999999999998,210.999,268.72355249670238
6.0149999999999997,203.999,253.56906402229669
6.0199999999999996,189.999,239.71430240708881
6.0250000000000004,184.999,227.10657468900422
6.0300000000000002,163.999,215.69147466104027
6.0350000000000001,197.999,205.4133461204168
6.04,166.999,196.21573709860601
6.0449999999999999,133.999,188.04184207128296
6.0499999999999998,132.999,180.83492930804832
6.0549999999999997,162.999,174.53875069864037
6.0599999999999996,138.999,169.09793158372577
6.0650000000000004,126.999,164.45833832260865
6.0700000000000003,127.999,160.56742154565529
6.0750000000000002,144.999,157.37453326417963
6.0800000000000001,121.999,154.83121624322166
6.085,130.999,152.89146428131383
6.0899999999999999,118.999,151.51195228420278
6.0949999999999998,148.999,150.65223526480275
6.0999999999999996,144.999,150.27491564767303
6.1050000000000004,143.999,150.34577850130427
6.1100000000000003,132.999,150.83389456381002
6.1150000000000002,113.999,151.7116911656139
6.1200000000000001,141.999,152.95499138485656
6.125,145.999,154.54302199601284
6.1299999999999999,172.999,156.45839098821432
6.1349999999999998,152.999,158.68703563568707
6.1399999999999997,135.999,161.21814229730967
6.1449999999999996,153.999,164.04403930445272
6.1500000000000004,154.999,167.16006446495899
6.1550000000000002,150.999,170.56440886544615
6.1600000000000001,169.999,174.25793879328788
6.165,163.999,178.24399772296653
6.1699999999999999,178.999,182.52819041844623
6.1749999999999998,184.999,187.11815129336597
6.1799999999999997,165.999,192.02329924388604
6.1849999999999996,179.999,197.25458122475652
6.1900000000000004,186.999,202.82420687756394
6.1950000000000003,206.999,208.74537654119851
6.2000000000000002,200.999,215.03200497855747
6.2050000000000001,197.999,221.6984431406527
6.21,215.999,228.7592002600183
6.2149999999999999,221.999,236.22866852013425
6.2199999999999998,232.999,244.12085248710068
6.2249999999999996,237.999,252.44910541471097
6.2300000000000004,235.999,261.2258744451857
6.2350000000000003,282.99900000000002,270.46245662599785
6.2400000000000002,277.99900000000002,280.16876754940546
6.2450000000000001,323.99900000000002,290.35312429650355
6.25,290.99900000000002,301.02204423290561
6.2549999999999999,303.99900000000002,312.18006105965225
6.2599999999999998,300.99900000000002,323.82955937181578
6.2649999999999997,322.99900000000002,335.9706288196881
6.2699999999999996,334.99900000000002,348.60093880463194
6.2750000000000004,351.99900000000002,361.7156344748733
6.2800000000000002,387.99900000000002,375.30725461695539
6.2850000000000001,398.99799999999999,389.36567186747288
6.29,388.99799999999999,403.87805549832569
6.2949999999999999,419.99799999999999,418.82885685823203
6.2999999999999998,472.99799999999999,434.1998173848288
6.3049999999999997,461.99799999999999,449.9699989365011
6.3099999999999996,482.99799999999999,466.11583603221419
6.3150000000000004,511.99799999999999,482.6112094321349
6.3200000000000003,486.99799999999999,499.42754034270996
6.3250000000000002,565.99800000000005,516.53390438808083
6.3300000000000001,514.99800000000005,533.8971643560908
6.335,540.99800000000005,551.48212060250989
6.3399999999999999,589.99800000000005,569.25167788219676
6.3449999999999998,617.99800000000005,587.16702727134293
6.3499999999999996,655.99699999999996,605.18784175131259
6.3550000000000004,625.99800000000005,623.27248394235539
6.3600000000000003,649.99699999999996,641.37822440503498
6.3650000000000002,632.99800000000005,659.46146886886152
6.3700000000000001,679.99699999999996,677.47799270162955
6.375,684.99699999999996,695.38318089937013
6.3799999999999999,745.99699999999996,713.13227185577705
6.3849999999999998,778.99699999999996,730.68060316134483
6.3899999999999997,812.99699999999996,747.98385768614617
6.3949999999999996,806.99699999999996,764.99830821602632
6.4000000000000004,778.99699999999996,781.68105893960046
6.4050000000000002,822.99699999999996,797.99028212256462
6.4100000000000001,832.99699999999996,813.88544835593837
6.415,888.99699999999996,829.32754882550364
6.4199999999999999,883.99699999999996,844.27930812027125
6.4249999999999998,913.99699999999996,858.70538617771922
6.4299999999999997,922.99699999999996,872.5725680520643
6.4349999999999996,991.99599999999998,885.84994028827919
6.4400000000000004,952.99699999999996,898.50905278813093
6.4450000000000003,961.99599999999998,910.52406516442807
6.4500000000000002,1008,921.87187669503055
6.4550000000000001,959.99599999999998,932.53223910822283
6.46,967.99599999999998,942.48785155477765
6.4649999999999999,955.99699999999996,951.72443724867981
6.4699999999999998,1033,960.2308013870429
6.4749999999999996,1048,967.99887008938822
6.4800000000000004,1028,975.0237102262638
6.4850000000000003,1046,981.30353013628473
6.4900000000000002,1023,986.83966135820867
6.4950000000000001,974.99599999999998,991.63652162980657
6.5,1062,995.70155952720359
6.5049999999999999,1027,999.0451812363259
6.5099999999999998,1002,1001.6806600613172
6.5149999999999997,1029,1003.6240293826215
6.5199999999999996,1029,1004.893959879182
6.5250000000000004,1042,1005.5116219243607
6.5300000000000002,1027,1005.5005341530886
6.5350000000000001,1093,1004.8863992780274
6.54,979.99599999999998,1003.696928304662
6.5449999999999999,1025,1001.9616543589376
6.5499999999999998,1100,999.71173739592609
6.5549999999999997,1026,996.97976110390948
6.5599999999999996,1008,993.79952335492226
6.5650000000000004,1013,990.20582158014565
6.5700000000000003,1044,986.23423446656443
6.5750000000000002,984.99699999999996,981.92090137986861
6.5800000000000001,988.99599999999998,977.30230091796341
6.585,1001,972.41502998961425
6.5899999999999999,995.99699999999996,967.29558479395666
6.5949999999999998,949.99599999999998,961.98014504911612
6.5999999999999996,972.99599999999998,956.5043627822547
6.6050000000000004,950.99699999999996,950.90315694937283
6.6100000000000003,1010,945.21051510155496
6.6150000000000002,959.99699999999996,939.45930325545976
6.6200000000000001,971.99699999999996,933.68108506027806
6.625,920.99699999999996,927.90595128153723
6.6299999999999999,930.99699999999996,922.16236054467913
6.6349999999999998,950.99699999999996,916.47699219877529
6.6399999999999997,923.99699999999996,910.87461207374736
6.6449999999999996,930.99599999999998,905.37795181362219
6.6500000000000004,933.99599999999998,900.00760237429483
6.6550000000000002,948.99699999999996,894.78192217774324
6.6600000000000001,900.99699999999996,889.71696031617978
6.665,926.99699999999996,884.82639509999296
6.6699999999999999,894.99699999999996,880.12148814316129
6.6749999999999998,962.99599999999998,875.61105407974026
6.6799999999999997,890.99699999999996,871.30144590573093
6.6849999999999996,933.99699999999996,867.19655584271391
6.6900000000000004,883.99699999999996,863.2978315237367
6.6950000000000003,861.99699999999996,859.6043072085937
6.7000000000000002,883.99599999999998,856.11264964551594
6.7050000000000001,845.99699999999996,852.81721810977967
6.71,895.99699999999996,849.71013806747862
6.7149999999999999,869.99699999999996,846.78138783509405
6.7199999999999998,818.99699999999996,844.01889753293858
6.7249999999999996,906.99599999999998,841.40865956352002
6.7300000000000004,919.99699999999996,838.93484978464051
6.7350000000000003,804.99699999999996,836.57995849192196
6.7400000000000002,939.99699999999996,834.32493027678117
6.7450000000000001,873.99699999999996,832.14931178373672
6.75,871.99699999999996,830.03140635561726
6.7549999999999999,873.99699999999996,827.94843452679163
6.7599999999999998,849.99699999999996,825.87669930307152
6.7649999999999997,857.99699999999996,823.79175515246163
6.7699999999999996,853.99699999999996,821.66857962342772
6.7750000000000004,845.99699999999996,819.48174650678664
6.7800000000000002,861.99699999999996,817.20559946353637
6.7850000000000001,821.99699999999996,814.81442505384689
6.79,814.99699999999996,812.28262412180675
6.7949999999999999,860.99699999999996,809.58488051611744
6.7999999999999998,839.99699999999996,806.69632615855585
6.8049999999999997,817.99699999999996,803.59270150928012
6.8099999999999996,887.99699999999996,800.25051052073138
6.8150000000000004,819.99699999999996,796.64716921949628
6.8200000000000003,792.99699999999996,792.76114710777915
6.8250000000000002,856.99699999999996,788.5721006325781
6.8300000000000001,745.99699999999996,784.06099803092195
6.835,799.99699999999996,779.21023492308427
6.8399999999999999,782.99699999999996,774.00374009217455
6.8449999999999998,806.99699999999996,768.42707095734954
6.8499999999999996,810.99699999999996,762.46749831869408
6.8550000000000004,778.99699999999996,756.11408002408371
6.8600000000000003,771.99699999999996,749.35772328153246
6.8650000000000002,714.99699999999996,742.19123541427382
6.8700000000000001,764.99699999999996,734.60936292952192
6.875,728.99699999999996,726.60881884517289
6.8799999999999999,701.99699999999996,718.18829829104618
6.8849999999999998,734.99699999999996,709.34848247233981
6.8899999999999997,751.99699999999996,700.09203115220282
6.8949999999999996,700.99699999999996,690.42356387744871
6.9000000000000004,671.99699999999996,680.34963023594526
6.9050000000000002,681.99699999999996,669.87866949584429
6.9100000000000001,640.99699999999996,659.02096003515555
6.915,639.99800000000005,647.7885590249748
6.9199999999999999,639.99800000000005,636.19523288060634
6.9249999999999998,626.99800000000005,624.25637904166831
6.9299999999999997,599.99800000000005,611.98893968479661
6.9349999999999996,633.99800000000005,599.41130801056966
6.9400000000000004,601.99800000000005,586.54322777963546
6.9450000000000003,567.99800000000005,573.40568680156957
6.9500000000000002,563.99800000000005,560.02080510368057
6.9550000000000001,570.99800000000005,546.41171852569903
6.96,526.99800000000005,532.60245850007379
6.9649999999999999,535.99800000000005,518.61782878637734
6.9699999999999998,485.99799999999999,504.48327993223916
6.9749999999999996,463.99799999999999,490.22478223221776
6.9800000000000004,437.99799999999999,475.86869795031788
6.9850000000000003,470.99799999999999,461.44165356148181
6.9900000000000002,487.99799999999999,446.9704127525502
6.9950000000000001,424.99799999999999,432.48175090404919
7,401.99799999999999,418.00233175093058
7.0049999999999999,418.99799999999999,403.55858689328812
7.0099999999999998,390.99799999999999,389.17659879735021
7.0149999999999997,365.99900000000002,374.88198789297155
7.0199999999999996,374.99799999999999,360.69980433668587
7.0250000000000004,343.99900000000002,346.65442496944314
7.0300000000000002,326.99900000000002,332.7694559557429
7.0350000000000001,314.99900000000002,319.06764154630417
7.04,307.99799999999999,305.57077936001679
7.0449999999999999,302.99900000000002,292.2996425330075
7.0499999999999998,290.99900000000002,279.27390903359679
7.0549999999999997,273.99900000000002,266.5120983920105
7.0599999999999996,250.999,254.03151604331245
7.0650000000000004,224.999,241.84820543145494
7.0700000000000003,225.999,229.97690797191811
7.0750000000000002,241.999,218.43103092047505
7.0800000000000001,192.999,207.22262314644212
7.085,201.999,196.36235876068844
7.0899999999999999,191.999,185.85952850194494
7.0949999999999998,201.999,175.7220387398452
7.0999999999999996,173.999,165.9564179099111
7.1050000000000004,135.999,156.56783015458382
7.1100000000000003,131.999,147.5600959056313
7.1150000000000002,154.999,138.93571910701479
7.1200000000000001,152.999,130.69592074377036
7.125,128.999,122.84067831178436
7.1299999999999999,129.999,115.36877083567744
7.1349999999999998,98.999300000000005,108.27782901744945
7.1399999999999997,126.999,101.56439007717857
7.1449999999999996,79.999399999999994,95.223956828980491
7.1500000000000004,87.999399999999994,89.251060520648124
7.1550000000000002,86.999399999999994,83.639326953956129
7.1600000000000001,68.999499999999998,78.381545394492733
7.165,95.999300000000005,73.469739775091938
7.1699999999999999,72.999499999999998,68.895241695400685
7.1749999999999998,62.999499999999998,64.648764721794706
7.1799999999999997,79.999399999999994,60.720479496654534
7.1849999999999996,66.999499999999998,57.10008917383044
7.1900000000000004,51.999600000000001,53.77690470784848
7.1950000000000003,69.999499999999998,50.739919537899794
7.2000000000000002,65.999499999999998,47.97788322375866
7.2050000000000001,43.999699999999997,45.47937360933706
7.21,45.999699999999997,43.232867110415718
7.2149999999999999,46.999699999999997,41.226806746015718
7.2199999999999998,50.999600000000001,39.449667557688315
7.2249999999999996,42.999699999999997,37.890019087500789
7.2300000000000004,48.999600000000001,36.536584613468634
7.2350000000000003,42.999699999999997,35.378296870414289
7.2400000000000002,43.999699999999997,34.404350014499784
7.2450000000000001,41.999699999999997,33.60424762076002
7.25,45.999699999999997,32.967846534635804
7.2549999999999999,30.9998,32.485396430546672
7.2599999999999998,45.999699999999997,32.147574962735291
7.2649999999999997,37.999699999999997,31.94551842574263
7.2699999999999996,41.999699999999997,31.870847873723889
7.2750000000000004,28.9998,31.9156906791899
7.2800000000000002,42.999699999999997,32.072697542456808
7.2850000000000001,27.9998,32.335054992925173
7.29,51.999600000000001,32.696493452108847
7.2949999999999999,48.999600000000001,33.151290955928872
7.2999999999999998,31.9998,33.694272660023692
7.3049999999999997,38.999699999999997,34.320806276560944
7.3099999999999996,36.999699999999997,35.026793614142512
7.3150000000000004,39.999699999999997,35.808658413753292
7.3200000000000003,35.999699999999997,36.6633306932195
7.3250000000000002,43.999699999999997,37.588227830225698
7.3300000000000001,48.999600000000001,38.581232629517949
7.335,47.999600000000001,39.640668633442381
7.3399999999999999,45.999699999999997,40.765272946387007
7.3449999999999998,52.999600000000001,41.954166852987093
7.3499999999999996,41.999699999999997,43.206824517108522
7.3550000000000004,43.999699999999997,44.523040053642553
7.3600000000000003,48.999600000000001,45.902893268045467
7.3650000000000002,53.999600000000001,47.346714359371468
7.3700000000000001,52.999600000000001,48.855047881319848
7.375,56.999600000000001,50.428616252604648
7.3799999999999999,60.999499999999998,52.068283102829369
7.3849999999999998,50.999600000000001,53.775016733087185
7.3899999999999997,49.999600000000001,55.549853961803699
7.3949999999999996,69.999499999999998,57.393864615995142
7.4000000000000004,67.999499999999998,59.308116916236528
7.4050000000000002,69.999499999999998,61.29364399034538
7.4100000000000001,55.999600000000001,63.351411736206636
7.415,53.999600000000001,65.482288238428396
7.4199999999999999,83.999399999999994,67.687014926756305
7.4249999999999998,65.999499999999998,69.966179646535338
7.4299999999999997,72.999499999999998,72.320191793121765
7.4349999999999996,80.999399999999994,74.749259643172451
7.4400000000000004,69.999499999999998,77.253369996307015
7.4450000000000003,77.999399999999994,79.832270220904149
7.4500000000000002,84.999399999999994,82.485452777894821
7.4550000000000001,85.999399999999994,85.212142276499051
7.46,86.999399999999994,88.011285096050514
7.4649999999999999,103.999,90.881541588507417
7.4699999999999998,93.999300000000005,93.821280857085128
7.4749999999999996,99.999300000000005,96.828578087786397
7.4800000000000004,82.999399999999994,99.901214392575667
7.4850000000000003,98.999300000000005,103.036679105649
7.4900000000000002,114.999,106.23217445779358
7.4950000000000001,93.999300000000005,109.48462253831761
7.5,99.999300000000005,112.7906744395285
7.5049999999999999,123.999,116.14672146534782
7.5099999999999998,103.999,119.5489082734225
7.5149999999999997,115.999,122.99314780909458
7.5199999999999996,109.999,126.47513787987212
7.5250000000000004,115.999,129.99037921064152
7.5300000000000002,122.999,133.53419481280309
7.5350000000000001,123.999,137.10175049481867
7.54,129.999,140.68807633734716
7.5449999999999999,134.999,144.28808895319344
7.5499999999999998,142.999,147.89661435072378
7.5549999999999997,131.999,151.50841121916065
7.5599999999999996,150.999,155.11819445525472
7.5650000000000004,137.999,158.72065875319086
7.5700000000000003,135.999,162.31050208318263
7.5750000000000002,175.999,165.88244888898276
7.5800000000000001,142.999,169.43127284044172
7.585,172.999,172.95181898419551
7.5899999999999999,194.999,176.43902514350359
7.5949999999999998,194.999,179.8879424271006
7.5999999999999996,170.999,183.29375471658707
7.6050000000000004,188.999,186.65179701229076
7.6100000000000003,179.999,189.95757252857001
7.6150000000000002,186.999,193.20676844113868
7.6200000000000001,185.999,196.39527020104379
7.625,174.999,199.51917434235801
7.6299999999999999,203.999,202.57479972332766
7.6349999999999998,177.999,205.55869715358867
7.6399999999999997,194.999,208.46765737298423
7.6449999999999996,210.999,211.29871736044564
7.6500000000000004,226.999,214.04916496418755
7.6550000000000002,217.999,216.71654185708488
7.6600000000000001,219.999,219.29864483340347
7.665,244.999,221.79352547500309
7.6699999999999999,215.999,224.19948822664114
7.6749999999999998,203.999,226.51508693095809
7.6799999999999997,216.999,228.73911988413715
7.6849999999999996,257.99900000000002,230.87062348294396
7.6900000000000004,251.999,232.9088645428869
7.6950000000000003,225.999,234.85333137549657
7.7000000000000002,232.999,236.70372372017667
7.7050000000000001,250.999,238.45994163270151
7.71,241.999,240.12207343816024
7.7149999999999999,257.99900000000002,241.69038286099902
7.7199999999999998,251.999,243.16529544872481
7.7249999999999996,259.99900000000002,244.54738440883193
7.7300000000000004,259.99900000000002,245.83735598057282
7.7350000000000003,252.999,247.03603446432331
7.7400000000000002,254.999,248.14434703150272
7.7450000000000001,247.999,249.16330843731652
7.75,255.999,250.09400575700133
7.7549999999999999,245.999,250.93758326382189
7.7599999999999998,247.999,251.69522756380499
7.7649999999999997,269.99900000000002,252.36815309814673
7.7699999999999996,233.999,252.95758811943773
7.7750000000000004,238.999,253.46476124237205
7.7800000000000002,232.999,253.89088866345833
7.7850000000000001,265.99900000000002,254.23716213755077
7.79,257.99900000000002,254.50473779174999
7.7949999999999999,269.99900000000002,254.69472584950717
7.7999999999999998,247.999,254.8081813296472
7.8049999999999997,228.999,254.846095776532
7.8099999999999996,247.999,254.80939006886572
7.8150000000000004,261.99900000000002,254.69890834567224
7.8200000000000003,236.999,254.5154130788832
7.8250000000000002,235.999,254.25958131280916
7.8300000000000001,256.99900000000002,253.93200208158518
7.835,231.999,253.53317500656601
7.8399999999999999,277.99900000000002,253.0635100666465
7.8449999999999998,236.999,252.52332852567653
7.8499999999999996,233.999,251.91286499256333
7.8550000000000004,231.999,251.23227058139389
7.8600000000000003,239.999,250.48161713100018
7.8650000000000002,255.999,249.66090243587217
7.8700000000000001,235.999,248.77005643328673
7.875,230.999,247.80894828495073
7.8799999999999999,233.999,246.77739428544541
7.8849999999999998,247.999,245.67516652429453
7.8899999999999997,231.999,244.50200222363654
7.8949999999999996,215.999,243.25761366924863
7.9000000000000004,221.999,241.9416986490846
7.9050000000000002,242.999,240.55395131057352
7.9100000000000001,209.999,239.09407334567283
7.915,225.999,237.56178541109762
7.9199999999999999,226.999,235.95683869026468
7.9249999999999998,252.999,234.2790265032626
7.9299999999999997,203.999,232.52819587162898
7.9349999999999996,230.999,230.70425894580853
7.9400000000000004,219.999,228.80720420493117
7.9450000000000003,175.999,226.83710734090332
7.9500000000000002,197.999,224.79414174176981
7.9550000000000001,170.999,222.67858849283124
7.96,201.999,220.49084581805349
7.9649999999999999,207.999,218.23143788885974
7.9699999999999998,150.999,215.90102293241003
7.9749999999999996,187.999,213.5004005769029
7.9800000000000004,168.999,211.03051837723572
7.9850000000000003,177.999,208.49247747050097
7.9900000000000002,191.999,205.88753731721113
7.9950000000000001,196.999,203.21711949079923
8,192.999,200.48281048478799
8.0050000000000008,192.999,197.68636351399635
8.0099999999999998,168.999,194.82969929322309
8.0150000000000006,166.999,191.91490578395369
8.0199999999999996,190.999,188.94423690673628
8.0250000000000004,201.999,185.92011022391026
8.0299999999999994,163.999,182.8451036043096
8.0350000000000001,169.999,179.72195088834587
8.0399999999999991,158.999,176.55353657846734
8.0449999999999999,168.999,173.34288958634571
8.0500000000000007,129.999,170.09317607422173
8.0549999999999997,160.999,166.8076914336028
8.0600000000000005,129.999,163.48985144992628
8.0649999999999995,130.999,160.14318270683981
8.0700000000000003,171.999,156.77131228837365
8.0749999999999993,144.999,153.37795684148449
8.0800000000000001,164.999,149.96691106517241
8.0850000000000009,128.999,146.54203569565405
8.0899999999999999,140.999,143.10724505982552
8.0950000000000006,120.999,139.66649427152925
8.0999999999999996,123.999,136.22376614689202
8.1050000000000004,134.999,132.78305791622995
8.1099999999999994,130.999,129.34836781075225
8.1150000000000002,144.999,125.92368160248057
8.1199999999999992,125.999,122.51295917551035
8.125,122.999,119.12012120591524
8.1300000000000008,121.999,115.74903602630681
8.1349999999999998,124.999,112.40350674927728
8.1400000000000006,101.999,109.0872587217234
8.1449999999999996,102.999,105.80392737937922
8.1500000000000004,113.999,102.55704656779601
8.1549999999999994,103.999,99.350037392542347
8.1600000000000001,99.999300000000005,96.186197657555752
8.1649999999999991,105.999,93.068691946422604
8.1699999999999999,103.999,90.000542396890637
8.1750000000000007,114.999,86.984620214197932
8.1799999999999997,81.999399999999994,84.023637963836663
8.1850000000000005,84.999399999999994,81.120142679212123
8.1899999999999995,87.999399999999994,78.276509814343058
8.1950000000000003,70.999499999999998,75.494938066303121
8.1999999999999993,88.999300000000005,72.777445086576023
8.2050000000000001,88.999300000000005,70.125864094916906
8.2100000000000009,72.999499999999998,67.541841403717541
8.2149999999999999,71.999499999999998,65.026834855301487
8.2200000000000006,77.999399999999994,62.582113169063383
8.2249999999999996,73.999499999999998,60.208756189940907
8.2300000000000004,61.999499999999998,57.907656024415559
8.2349999999999994,68.999499999999998,55.67951904509728
8.2400000000000002,50.999600000000001,53.524868739999221
8.2449999999999992,46.999699999999997,51.444049377874428
8.25,66.999499999999998,49.437230456497815
8.2550000000000008,64.999499999999998,47.504411896557286
8.2599999999999998,57.999600000000001,45.645429939888473
8.2650000000000006,55.999600000000001,43.859963707174224
8.2699999999999996,49.999600000000001,42.147542366943668
8.2750000000000004,51.999600000000001,40.507552864770368
8.2799999999999994,35.999699999999997,38.939248158990495
8.2850000000000001,54.999600000000001,37.441755907056709
8.2899999999999991,48.999600000000001,36.014087544817102
8.2949999999999999,42.999699999999997,34.655147699567138
8.3000000000000007,39.999699999999997,33.363743876669531
8.3049999999999997,40.999699999999997,32.138596358873677
8.3100000000000005,45.999699999999997,30.978348257189094
8.3149999999999995,35.999699999999997,29.881575652273238
8.3200000000000003,28.9998,28.846797765776731
8.3249999999999993,32.9998,27.872487101937832
8.3300000000000001,35.999699999999997,26.957079500922134
8.3350000000000009,32.9998,26.098984046952559
8.3399999999999999,24.9998,25.29659277614752
8.3450000000000006,26.9998,24.548290131170535
8.3499999999999996,26.9998,23.85246211227091
8.3550000000000004,29.9998,23.207505077040324
8.3599999999999994,18.9999,22.611834144207918
8.3650000000000002,25.9998,22.063891160016269
8.3699999999999992,33.9998,21.562152189146676
8.375,24.9998,21.105134495761465
8.3800000000000008,26.9998,20.691402983985427
8.3849999999999998,21.9998,20.319576071025061
8.3900000000000006,23.9998,19.98833097010219
8.3949999999999996,20.9999,19.696408364427814
8.4000000000000004,21.9998,19.44261645753582
8.4049999999999994,26.9998,19.225834389411329
8.4100000000000001,31.9998,19.045015011953964
8.4149999999999991,25.9998,18.899187021391349
8.4199999999999999,21.9998,18.78745644927351
8.4250000000000007,22.9998,18.709007517613969
8.4299999999999997,20.9999,18.663102867572118
8.4350000000000005,16.9999,18.649083174773349
8.4399999999999995,23.9998,18.666366167917658
8.4450000000000003,22.9998,18.71444507071239
8.4499999999999993,13.9999,18.792886490365639
8.4550000000000001,16.9999,18.901327778872801
8.4600000000000009,19.9999,19.039473896108721
8.4649999999999999,24.9998,19.207093806284995
8.4700000000000006,24.9998,19.404016441637399
8.4749999999999996,16.9999,19.630126269259321
8.4800000000000004,27.9998,19.885358498788282
8.4849999999999994,15.9999,20.169693970174649
8.4900000000000002,15.9999,20.483153762012901
8.4949999999999992,18.9999,20.825793561890869
8.5,37.999699999999997,21.197697840912628
8.5050000000000008,24.9998,21.598973874974561
8.5099999999999998,22.9998,22.029745655526813
8.5150000000000006,26.9998,22.49014773243529
8.5199999999999996,26.9998,22.980319031180997
8.5250000000000004,20.9999,23.500396685998439
8.5299999999999994,29.9998,24.050509929675414
8.5350000000000001,31.9998,24.630774079618824
8.5399999999999991,21.9998,25.241284658450851
8.5449999999999999,25.9998,25.882111685846581
8.5500000000000007,22.9998,26.553294176573178
8.5549999999999997,24.9998,27.254834877757023
8.5600000000000005,28.9998,27.986695276303596
8.5649999999999995,26.9998,28.748790905142748
8.5700000000000003,27.9998,29.540986974584971
8.5749999999999993,25.9998,30.363094352573096
8.5800000000000001,26.9998,31.214865915010634
8.5850000000000009,29.9998,32.095993284669873
8.5899999999999999,28.9998,33.006103974436684
8.5950000000000006,32.9998,33.944758947865999
8.5999999999999996,43.999699999999997,34.911450607208806
8.6050000000000004,23.9998,35.905601216254283
8.6099999999999994,27.9998,36.926561762523605
8.6150000000000002,40.999699999999997,37.973611260572937
8.6199999999999992,37.999699999999997,39.045956495429706
8.625,37.999699999999997,40.142732202512477
8.6300000000000008,32.9998,41.263001677790832
8.6349999999999998,40.999699999999997,42.405757809434817
8.6400000000000006,28.9998,43.569924519805674
8.6449999999999996,34.9998,44.754358604357584
8.6500000000000004,41.999699999999997,45.957851951867426
8.6549999999999994,41.999699999999997,47.179134128399589
8.6600000000000001,45.999699999999997,48.416875305550327
8.6649999999999991,50.999600000000001,49.669689511814255
8.6699999999999999,44.999699999999997,50.936138184377022
8.6750000000000007,42.999699999999997,52.214733997275225
8.6799999999999997,47.999699999999997,53.503944940673698
8.6850000000000005,54.999600000000001,54.8021986250032
8.6899999999999995,54.999600000000001,56.10788678287701
8.6950000000000003,45.999699999999997,57.419369941059657
8.6999999999999993,60.999600000000001,58.734982234307417
8.7050000000000001,39.999699999999997,60.053036332621218
8.7100000000000009,41.999699999999997,61.371828453359782
8.7149999999999999,64.999499999999998,62.689643429741118
8.7200000000000006,52.999600000000001,64.004759807515683
8.7249999999999996,53.999600000000001,65.315454942015194
8.7300000000000004,55.999600000000001,66.620010068361239
8.7349999999999994,64.999499999999998,67.916715318356225
8.7400000000000002,63.999499999999998,69.203874658452634
8.7449999999999992,55.999600000000001,70.479810724220428
8.75,64.999499999999998,71.742869527866418
8.7550000000000008,63.999499999999998,72.991425016626053
8.7599999999999998,65.999499999999998,74.223883461207421
8.7650000000000006,46.999699999999997,75.438687654929566
8.7699999999999996,68.999499999999998,76.634320905740566
8.7750000000000004,65.999499999999998,77.809310804913835
8.7799999999999994,72.999499999999998,78.962232757896359
8.7850000000000001,66.999499999999998,80.091713264505984
8.7899999999999991,69.999499999999998,81.196432937430799
8.7949999999999999,65.999499999999998,82.275129249766053
8.8000000000000007,76.999399999999994,83.326599004120325
8.8049999999999997,82.999399999999994,84.349700517611154
8.8100000000000005,81.999399999999994,85.343355518859113
8.8149999999999995,66.999499999999998,86.306550754845802
8.8200000000000003,73.999499999999998,87.23833930723147
8.8249999999999993,66.999499999999998,88.137841619411532
8.8300000000000001,77.999399999999994,89.004246237226155
8.8350000000000009,83.999399999999994,89.836810267804353
8.8399999999999999,69.999499999999998,90.63485956252876
8.8450000000000006,80.999399999999994,91.397788631527405
8.8499999999999996,89.999300000000005,92.125060298439323
8.8550000000000004,80.999399999999994,92.816205105443942
8.8599999999999994,74.999499999999998,93.470820479700876
8.8650000000000002,70.999499999999998,94.088569673384654
8.8699999999999992,86.999399999999994,94.669180490454067
8.875,73.999499999999998,95.212443814115602
8.8800000000000008,102.999,95.718211949674142
8.8849999999999998,71.999499999999998,96.186396798064209
8.8900000000000006,64.999499999999998,96.616967875852637
8.8949999999999996,87.999399999999994,97.009950197886226
8.9000000000000004,101.999,97.365422039016821
8.9049999999999994,79.999399999999994,97.683512591500204
8.9100000000000001,76.999399999999994,97.964399534700576
8.9149999999999991,83.999399999999994,98.208306533675071
8.9199999999999999,92.999300000000005,98.415500683040761
8.9250000000000007,92.999300000000005,98.586289912263325
8.9299999999999997,81.999399999999994,98.721020368138241
8.9350000000000005,87.999300000000005,98.820073789787529
8.9399999999999995,89.999300000000005,98.88386489095258
8.9450000000000003,84.999399999999994,98.912838763745228
8.9499999999999993,66.999499999999998,98.907468317335528
8.9550000000000001,74.999399999999994,98.868251764290036
8.9600000000000009,59.999600000000001,98.795710166465
8.9649999999999999,85.999399999999994,98.690385051492484
8.9700000000000006,76.999399999999994,98.552836109979395
8.9749999999999996,79.999399999999994,98.383638982600559
8.9800000000000004,80.999399999999994,98.183383145277332
8.9849999999999994,93.999300000000005,97.952669899644192
8.9900000000000002,86.999399999999994,97.692110474979842
8.9949999999999992,76.999399999999994,97.402324246764721
9,69.999499999999998,97.08393707599771
9.0050000000000008,81.999399999999994,96.737579772395463
9.0099999999999998,77.999399999999994,96.363886683584951
9.0150000000000006,72.999499999999998,95.96349441142948
9.0199999999999996,64.999499999999998,95.537040655662111
9.0250000000000004,74.999399999999994,95.085163184080116
9.0299999999999994,70.999499999999998,94.60849892767051
9.0350000000000001,69.999499999999998,94.107683198186379
9.0399999999999991,55.999600000000001,93.583349024902319
9.0449999999999999,77.999399999999994,93.036126606530658
9.0500000000000007,71.999499999999998,92.466642873590601
9.0549999999999997,94.999300000000005,91.875521155890496
9.0600000000000005,52.999600000000001,91.263380949214351
9.0649999999999995,82.999399999999994,90.630837774798948
9.0700000000000003,75.999399999999994,89.978503124742247
9.0749999999999993,69.999499999999998,89.30698448611551
9.0800000000000001,75.999399999999994,88.616885436238519
9.0850000000000009,63.999499999999998,87.90880580134305
9.0899999999999999,68.999499999999998,87.183341870671356
9.0950000000000006,74.999399999999994,86.441086657957428
9.0999999999999996,70.999499999999998,85.68263020219338
9.1050000000000004,64.999499999999998,84.908559899609131
9.1099999999999994,72.999499999999998,84.119460858880402
9.1150000000000002,68.999499999999998,83.315916271720454
9.1199999999999992,60.999499999999998,82.498507791220561
9.125,64.999499999999998,81.667815910549876
9.1300000000000008,60.999600000000001,80.824420334941976
9.1349999999999998,69.999499999999998,79.968900340237113
9.1400000000000006,70.999499999999998,79.101835111651951
9.1449999999999996,51.999600000000001,78.223804056879686
9.1500000000000004,69.999499999999998,77.335387088088183
9.1549999999999994,64.999499999999998,76.437164867888001
9.1600000000000001,68.999499999999998,75.52971901485698
9.1649999999999991,77.999399999999994,74.613632264760426
9.1699999999999999,73.999499999999998,73.689488584155711
9.1750000000000007,61.999499999999998,72.757873233650415
9.1799999999999997,50.999600000000001,71.819372778653644
9.1850000000000005,49.999600000000001,70.874575046043518
9.1899999999999995,59.999600000000001,69.924069025748963
9.1950000000000003,48.999600000000001,68.968444716816776
9.1999999999999993,59.999600000000001,68.008292918091712
9.2050000000000001,51.999600000000001,67.044204964184786
9.2100000000000009,46.999699999999997,66.076772407929028
9.2149999999999999,41.999699999999997,65.106586651025168
9.2200000000000006,62.999499999999998,64.13423852505953
9.2249999999999996,51.999600000000001,63.160317825523329
9.2300000000000004,53.999600000000001,62.185412801880183
9.2349999999999994,59.999600000000001,61.210109607112692
9.2400000000000002,54.999600000000001,60.234991710524369
9.2449999999999992,40.999699999999997,59.26063927788222
9.25,40.999699999999997,58.287628523254405
9.2550000000000008,46.999699999999997,57.316531037124228
9.2599999999999998,39.999699999999997,56.347913095545593
9.2650000000000006,42.999699999999997,55.382334955253214
9.2699999999999996,50.999600000000001,54.420350139733472
9.2750000000000004,48.999600000000001,53.462504721325359
9.2799999999999994,48.999600000000001,52.509336604433116
9.2850000000000001,44.999699999999997,51.561374814903999
9.2899999999999991,40.999699999999997,50.619138800561124
9.2949999999999999,49.999600000000001,49.683137747768335
9.3000000000000007,55.999600000000001,48.753869918765702
9.3049999999999997,45.999699999999997,47.831822014326391
9.3100000000000005,32.9998,46.917468566075314
9.3149999999999995,36.999699999999997,46.011271362559597
9.3200000000000003,44.999699999999997,45.113678912885504
9.3249999999999993,34.999699999999997,44.2251259514316
9.3300000000000001,34.999699999999997,43.346032986820518
9.3350000000000009,39.999699999999997,42.476805897983027
9.3399999999999999,44.999699999999997,41.617835579778387
9.3450000000000006,23.9998,40.769497640254897
9.3499999999999996,32.9998,39.932152151237339
9.3550000000000004,29.9998,39.106143453525263
9.3599999999999994,31.9998,38.291800017576229
9.3650000000000002,50.999600000000001,37.48943436013522
9.3699999999999992,34.999699999999997,36.699343016860759
9.375,39.999699999999997,35.921806570588835
9.3800000000000008,22.9998,35.157089734475754
9.3849999999999998,31.9998,34.405441488867247
9.3900000000000006,28.9998,33.667095270362772
9.3949999999999996,26.9998,32.942269211179742
9.4000000000000004,30.9998,32.231166426572564
9.4049999999999994,38.999699999999997,31.533975347738135
9.4100000000000001,24.9998,30.850870097329913
9.4149999999999991,22.9998,30.182010904425248
9.4199999999999999,22.9998,29.527544555532106
9.4250000000000007,25.9998,28.887604877994953
9.4299999999999997,28.9998,28.26231325196073
9.4350000000000005,26.9998,27.651779146893702
9.4399999999999995,22.9998,27.056100678492662
9.4450000000000003,34.9998,26.475365181753887
9.4499999999999993,30.9998,25.909649795849258
9.4550000000000001,24.9998,25.359022056445074
9.4600000000000009,19.9999,24.823540491075669
9.4649999999999999,16.9999,24.303255213206349
9.4700000000000006,31.9998,23.798208510672318
9.4749999999999996,24.9998,23.308435424261567
9.4800000000000004,26.9998,22.833964312322777
9.4849999999999994,21.9998,22.37481739741942
9.4900000000000002,19.9999,21.931011291218855
9.4949999999999992,14.9999,21.502557494000303
9.5,19.9999,21.089462865381911
9.5050000000000008,26.9998,20.691730063109606
9.5099999999999998,19.9999,20.309357947010394
9.5150000000000006,21.9998,19.942341945492746
9.5199999999999996,12.9999,19.590674382273903
9.5250000000000004,16.9999,19.254344761322823
9.5299999999999994,9.9999000000000002,18.933340008331534
9.5350000000000001,16.9999,18.627644667358588
9.5399999999999991,18.9999,18.337241051628087
9.5449999999999999,23.9998,18.062109347811777
9.5500000000000007,22.9998,17.802227673468312
9.5549999999999997,17.9999,17.557572087660155
9.5600000000000005,16.9999,17.328116555112992
9.5649999999999995,18.9999,17.113832864622239
9.5700000000000003,18.9999,16.914690502743518
9.5749999999999993,23.9998,16.730656484128133
9.5800000000000001,17.9999,16.561695140175917
9.5850000000000009,18.9999,16.407767867978549
9.5899999999999999,17.9999,16.2688328418085
9.5950000000000006,25.9998,16.144844689677591
9.5999999999999996,14.9999,16.035754137736834
9.6050000000000004,20.9999,15.94150762551792
9.6099999999999994,16.9999,15.862046895224335
9.6150000000000002,18.9999,15.797308558464129
9.6199999999999992,20.9999,15.747223643978282
9.625,18.9999,15.711717130054183
9.6300000000000008,23.9998,15.690707465426568
9.6349999999999998,22.9998,15.684106082552786
9.6400000000000006,26.9998,15.691816907210255
9.6449999999999996,15.9999,15.713735868397244
9.6500000000000004,21.9998,15.749750412525628
9.6549999999999994,16.9999,15.799739025876205
9.6600000000000001,10.9999,15.863570769242905
9.6649999999999991,29.9998,15.941104828623454
9.6699999999999999,25.9998,16.032190085720028
9.6750000000000007,14.9999,16.136664711896717
9.6799999999999997,13.9999,16.254355789100426
9.6850000000000005,23.9998,16.385078961090276
9.6899999999999995,14.9999,16.528638118138989
9.6950000000000003,22.9998,16.684825118168707
9.6999999999999993,21.9998,16.853419547064725
9.7050000000000001,11.9999,17.03418852067681
9.7100000000000009,23.9998,17.226886530767892
9.7149999999999999,18.9999,17.431255336908546
9.7200000000000006,17.9999,17.647023906042641
9.7249999999999996,18.9999,17.873908401167373
9.7300000000000004,19.9999,18.111612220281682
9.7349999999999994,12.9999,18.359826086461705
9.7400000000000002,21.9998,18.618228189623451
9.7449999999999992,22.9998,18.886484380232698
9.75,18.9999,19.164248414921119
9.7550000000000008,22.9998,19.451162253670109
9.7599999999999998,32.9998,19.746856407928437
9.7650000000000006,24.9998,20.050950338740673
9.7699999999999996,22.9998,20.363052903681982
9.7750000000000004,34.9998,20.682762851120721
9.7799999999999994,21.9998,21.009669360068379
9.7850000000000001,26.9998,21.343352623624643
9.7899999999999991,22.9998,21.683384473788124
9.7949999999999999,25.9998,22.02932904518017
9.8000000000000007,31.9998,22.380743475020964
9.8049999999999997,25.9998,22.737178636507174
9.8100000000000005,27.9998,23.098179902566908
9.8149999999999995,21.9998,23.463287936813348
9.8200000000000003,23.9998,23.832039508382863
9.8249999999999993,24.9998,24.20396832722848
9.8300000000000001,25.9998,24.57860589634409
9.8350000000000009,13.9999,24.95548237731991
9.8399999999999999,32.9998,25.334127465576174
9.8450000000000006,22.9998,25.714071271589347
9.8499999999999996,26.9998,26.094845204411719
9.8550000000000004,36.999699999999997,26.47598285379523
9.8599999999999994,37.999699999999997,26.857020867257553
9.8650000000000002,23.9998,27.237499818477374
9.8699999999999992,21.9998,27.616965063474495
9.875,26.9998,27.994967581114398
9.8800000000000008,31.9998,28.371064794584537
9.8849999999999998,36.999699999999997,28.744821370607813
9.8900000000000006,29.9998,29.115809993297759
9.8949999999999996,34.999699999999997,29.483612109713441
9.9000000000000004,29.9998,29.847818638369315
9.9049999999999994,34.999699999999997,30.208030620901976
9.9100000000000001,22.9998,30.56385968967367
9.9149999999999991,23.9998,30.914928084344499
9.9199999999999999,41.999699999999997,31.260867139053662
9.9250000000000007,26.9998,31.601312540146939
9.9299999999999997,31.9998,31.935891291260095
9.9350000000000005,38.999699999999997,32.264194827246591
9.9399999999999995,32.9998,32.585724321074082
9.9450000000000003,29.9998,32.899800695220662
9.9499999999999993,27.9998,33.20541828966018
9.9550000000000001,29.9998,33.501053111295029
9.9600000000000009,27.9998,33.784417014901734
9.9649999999999999,44.999699999999997,34.05222552541882
9.9700000000000006,34.999699999999997,34.300001053756539
9.9749999999999996,35.999699999999997,34.522043418091812
9.9800000000000004,32.9998,34.711580919235239
9.9849999999999994,38.999699999999997,34.861218965279427
9.9900000000000002,28.9998,34.963594981599314
9.9949999999999992,34.999699999999997,35.01223346217477
10,26.9998,35.002380368337633
